{
  "spearman_r": 0.37504987236995657,
  "spearman_p": 1.8721913724723754e-11,
  "kendall_tau": 0.24703272024684217,
  "kendall_p": 4.146566121953174e-10,
  "pearson_r": 0.3816711902618408,
  "pearson_p": 7.703156233820116e-12
}