{
  "spearman_r": -0.0077202335689279655,
  "spearman_p": 0.8940651669039474,
  "kendall_tau": -0.006269865996112745,
  "kendall_p": 0.8739926622948295,
  "pearson_r": -0.01234707422554493,
  "pearson_p": 0.8313480760284709
}