{
  "spearman_r": 0.467600783547315,
  "spearman_p": 1.0556497958941653e-17,
  "kendall_tau": 0.3301597435989406,
  "kendall_p": 6.768132416232079e-17,
  "pearson_r": 0.43135976791381836,
  "pearson_p": 5.022058746036382e-15
}