{
  "spearman_r": -0.04935071088503457,
  "spearman_p": 0.39436392949248766,
  "kendall_tau": -0.03458686078582922,
  "kendall_p": 0.38166378416259816,
  "pearson_r": -0.06760817766189575,
  "pearson_p": 0.24302641636802477
}