{
  "spearman_r": 0.5381526557696727,
  "spearman_p": 6.3572027488272665e-24,
  "kendall_tau": 0.36841732593158494,
  "kendall_p": 1.1778314659209304e-20,
  "pearson_r": 0.5474758744239807,
  "pearson_p": 7.36820135880406e-25
}