{
  "spearman_r": -0.04451049066892819,
  "spearman_p": 0.4424238360877186,
  "kendall_tau": -0.030391750446611965,
  "kendall_p": 0.4420569718299707,
  "pearson_r": -0.04247947782278061,
  "pearson_p": 0.46354287405950395
}