{
  "spearman_r": 0.7885100093508753,
  "spearman_p": 7.180948638386941e-65,
  "kendall_tau": 0.5945428930204802,
  "kendall_p": 4.12131482477661e-51,
  "pearson_r": 0.3029868006706238,
  "pearson_p": 8.683828947729108e-08
}