{
  "spearman_r": 0.7838001729283995,
  "spearman_p": 1.2983392301057397e-63,
  "kendall_tau": 0.5972332355206305,
  "kendall_p": 1.4711426578807786e-51,
  "pearson_r": 0.7926419377326965,
  "pearson_p": 5.327156159288939e-66
}