{
  "L067_126_1_1.tif": 2.9345569610595703,
  "L067_126_1_3.tif": 2.879089832305908,
  "L067_126_2_2.tif": 2.9485373497009277,
  "L067_126_2_3.tif": 2.9536798000335693,
  "L067_152_1_1.tif": 2.9230146408081055,
  "L067_152_1_2.tif": 2.8636276721954346,
  "L067_152_1_4.tif": 2.917532205581665,
  "L067_244_1_3.tif": 2.428835153579712,
  "L067_244_1_5.tif": 2.5077154636383057,
  "L067_244_2_2.tif": 2.523164987564087,
  "L067_244_2_3.tif": 2.5260910987854004,
  "L067_244_2_4.tif": 2.511099100112915,
  "L067_244_2_5.tif": 2.505758285522461,
  "L067_302_2_1.tif": 1.8726636171340942,
  "L067_302_2_2.tif": 1.8798346519470215,
  "L067_302_2_3.tif": 2.0000717639923096,
  "L067_318_1_2.tif": 1.7550312280654907,
  "L067_318_1_5.tif": 1.8725570440292358,
  "L067_318_2_4.tif": 1.874300479888916,
  "L291_340_1_2.tif": 2.6122055053710938,
  "L291_340_1_4.tif": 2.61596941947937,
  "L291_340_1_5.tif": 2.5561249256134033,
  "L291_340_2_3.tif": 2.562845230102539,
  "L291_340_2_4.tif": 2.6146764755249023,
  "L291_412_1_2.tif": 2.705134868621826,
  "L291_412_1_4.tif": 2.7167484760284424,
  "L291_412_2_1.tif": 2.717865467071533,
  "L291_412_2_5.tif": 2.6713759899139404,
  "L291_459_1_1.tif": 2.6192359924316406,
  "L291_459_2_1.tif": 2.6781139373779297,
  "L291_459_2_3.tif": 2.6647961139678955,
  "L291_527_1_5.tif": 2.5784194469451904,
  "L291_568_1_3.tif": 2.1555917263031006,
  "L291_568_2_2.tif": 2.2526206970214844,
  "L291_568_2_3.tif": 2.2368412017822266,
  "L291_568_2_4.tif": 2.2725186347961426,
  "L506_134_1_3.tif": 1.7253669500350952,
  "L506_134_2_4.tif": 1.8195607662200928,
  "L506_134_2_5.tif": 1.7965167760849,
  "L506_206_1_1.tif": 1.5164943933486938,
  "L506_206_1_2.tif": 1.6231788396835327,
  "L506_206_2_3.tif": 1.6134815216064453,
  "L506_255_1_2.tif": 1.3214952945709229,
  "L506_255_1_3.tif": 1.4374589920043945,
  "L506_255_1_4.tif": 1.4388107061386108,
  "L506_255_2_2.tif": 1.3182358741760254,
  "L506_342_1_1.tif": 1.209193468093872,
  "L506_342_2_2.tif": 1.2035804986953735,
  "L506_342_2_3.tif": 1.3415032625198364,
  "L506_342_2_4.tif": 1.292438268661499,
  "L506_386_1_2.tif": 1.3772310018539429,
  "L506_386_1_5.tif": 1.3942865133285522,
  "L506_386_2_4.tif": 1.287438988685608,
  "S058279_70_1_2.tif": 2.77610445022583,
  "S058279_70_1_4.tif": 2.843884229660034,
  "S058279_70_1_5.tif": 2.837290048599243,
  "S058279_70_2_2.tif": 2.7779417037963867,
  "S058279_85_1_2.tif": 2.714594602584839,
  "S058279_85_1_4.tif": 2.769763231277466,
  "S058279_85_2_4.tif": 2.731062173843384,
  "S058279_85_2_5.tif": 2.773911714553833,
  "S058279_100_1_3.tif": 2.75490140914917,
  "S058279_100_2_1.tif": 2.7444372177124023,
  "S058279_100_2_2.tif": 2.73966121673584,
  "S058279_100_2_4.tif": 2.7563915252685547,
  "S058279_116_1_2.tif": 2.687225580215454,
  "S058279_116_1_4.tif": 2.695554733276367,
  "S058279_116_2_4.tif": 2.677963972091675,
  "S058279_116_2_5.tif": 2.6827902793884277,
  "S058279_121_1_4.tif": 2.575148582458496,
  "S058279_121_2_2.tif": 2.621830463409424,
  "S058279_121_2_4.tif": 2.633779287338257,
  "S058279_121_2_5.tif": 2.6311538219451904,
  "S058279_137_2_4.tif": 2.3284099102020264,
  "S058279_144_1_4.tif": 2.3156330585479736,
  "S058279_144_2_1.tif": 2.2269325256347656,
  "S058279_144_2_2.tif": 2.298234701156616,
  "S058279_144_2_3.tif": 2.2220287322998047,
  "S058279_144_2_5.tif": 2.301934003829956,
  "S058279_163_1_3.tif": 2.0100691318511963,
  "S058279_163_1_5.tif": 2.0167856216430664,
  "S058279_163_2_2.tif": 2.027237892150879,
  "S064012_58_1_1.tif": 2.0702428817749023,
  "S064012_58_1_4.tif": 2.0504252910614014,
  "S064012_58_2_2.tif": 2.081068754196167,
  "S064012_58_2_4.tif": 1.9716825485229492,
  "S064012_68_1_5.tif": 2.0664381980895996,
  "S064012_68_2_2.tif": 1.933573603630066,
  "S064012_87_1_2.tif": 1.8583296537399292,
  "S064012_87_1_3.tif": 1.7632306814193726,
  "S064012_87_2_4.tif": 1.771806240081787,
  "S064012_99_1_3.tif": 1.7596515417099,
  "S064012_99_2_3.tif": 1.7301403284072876,
  "S064012_99_2_5.tif": 1.6221816539764404,
  "S064012_114_2_5.tif": 1.6624984741210938,
  "S064012_143_1_2.tif": 1.638195514678955,
  "S064012_143_1_4.tif": 1.6683597564697266,
  "S064012_143_2_2.tif": 1.6433876752853394,
  "S064012_143_2_5.tif": 1.5412291288375854,
  "S064012_160_2_5.tif": 1.6716892719268799,
  "L067_126_1_2.tif": 2.885054588317871,
  "L067_126_1_4.tif": 2.947814464569092,
  "L067_126_2_1.tif": 2.877901792526245,
  "L067_152_1_3.tif": 2.933755874633789,
  "L067_152_1_5.tif": 2.932141065597534,
  "L067_152_2_2.tif": 2.9162843227386475,
  "L067_152_2_4.tif": 2.9381017684936523,
  "L067_244_1_2.tif": 2.431683301925659,
  "L067_244_1_4.tif": 2.4381215572357178,
  "L067_244_2_1.tif": 2.503852367401123,
  "L067_302_1_3.tif": 1.9947792291641235,
  "L067_302_2_4.tif": 1.9977161884307861,
  "L067_302_2_5.tif": 1.9743192195892334,
  "L067_318_2_1.tif": 1.7431195974349976,
  "L067_318_2_2.tif": 1.7527269124984741,
  "L067_318_2_3.tif": 1.8353843688964844,
  "L067_318_2_5.tif": 1.8463143110275269,
  "L291_340_1_1.tif": 2.626896619796753,
  "L291_340_1_3.tif": 2.6235761642456055,
  "L291_340_2_1.tif": 2.6121323108673096,
  "L291_340_2_2.tif": 2.5584278106689453,
  "L291_340_2_5.tif": 2.628373861312866,
  "L291_412_1_5.tif": 2.65627384185791,
  "L291_412_2_2.tif": 2.726919412612915,
  "L291_412_2_3.tif": 2.714900016784668,
  "L291_459_1_2.tif": 2.6660101413726807,
  "L291_459_1_4.tif": 2.648977041244507,
  "L291_459_1_5.tif": 2.6761176586151123,
  "L291_527_1_1.tif": 2.638982057571411,
  "L291_527_1_2.tif": 2.644115447998047,
  "L291_527_1_3.tif": 2.5622832775115967,
  "L291_527_1_4.tif": 2.6574549674987793,
  "L291_527_2_2.tif": 2.643747329711914,
  "L291_527_2_4.tif": 2.5845556259155273,
  "L291_527_2_5.tif": 2.653637409210205,
  "L291_568_1_2.tif": 2.276878833770752,
  "L291_568_1_4.tif": 2.181955099105835,
  "L291_568_1_5.tif": 2.257850170135498,
  "L506_134_1_4.tif": 1.801363229751587,
  "L506_134_1_5.tif": 1.8216303586959839,
  "L506_134_2_1.tif": 1.7183090448379517,
  "L506_134_2_2.tif": 1.8198473453521729,
  "L506_206_1_5.tif": 1.5080535411834717,
  "L506_206_2_1.tif": 1.5881646871566772,
  "L506_255_2_1.tif": 1.419243574142456,
  "L506_342_1_2.tif": 1.2019855976104736,
  "L506_386_1_3.tif": 1.39102303981781,
  "L506_386_2_2.tif": 1.4271161556243896,
  "L506_386_2_5.tif": 1.3002835512161255,
  "S058279_70_1_1.tif": 2.7888052463531494,
  "S058279_70_2_3.tif": 2.831620931625366,
  "S058279_85_1_1.tif": 2.720184087753296,
  "S058279_85_1_5.tif": 2.7137539386749268,
  "S058279_85_2_2.tif": 2.7937920093536377,
  "S058279_100_1_4.tif": 2.6876163482666016,
  "S058279_100_1_5.tif": 2.68455171585083,
  "S058279_100_2_5.tif": 2.7452456951141357,
  "S058279_116_1_5.tif": 2.608463764190674,
  "S058279_116_2_1.tif": 2.671703815460205,
  "S058279_116_2_3.tif": 2.6076431274414062,
  "S058279_121_1_3.tif": 2.617522954940796,
  "S058279_121_1_5.tif": 2.621746063232422,
  "S058279_121_2_1.tif": 2.564479351043701,
  "S058279_121_2_3.tif": 2.636420249938965,
  "S058279_137_1_1.tif": 2.409301280975342,
  "S058279_137_1_2.tif": 2.3974084854125977,
  "S058279_137_1_3.tif": 2.334357976913452,
  "S058279_137_1_4.tif": 2.4094204902648926,
  "S058279_137_1_5.tif": 2.4130914211273193,
  "S058279_144_1_1.tif": 2.31925892829895,
  "S058279_144_1_2.tif": 2.3220324516296387,
  "S058279_163_1_1.tif": 2.0042905807495117,
  "S058279_163_1_4.tif": 1.9171892404556274,
  "S058279_163_2_1.tif": 2.0054097175598145,
  "S058279_163_2_3.tif": 2.0218467712402344,
  "S064012_58_1_2.tif": 2.1088526248931885,
  "S064012_58_1_3.tif": 2.0750515460968018,
  "S064012_58_2_3.tif": 2.0523014068603516,
  "S064012_68_1_1.tif": 2.06160044670105,
  "S064012_68_1_2.tif": 1.9490070343017578,
  "S064012_68_1_3.tif": 2.037872552871704,
  "S064012_68_2_1.tif": 2.0213675498962402,
  "S064012_68_2_4.tif": 2.045274496078491,
  "S064012_87_1_4.tif": 1.8994762897491455,
  "S064012_87_1_5.tif": 1.8867267370224,
  "S064012_87_2_1.tif": 1.8845409154891968,
  "S064012_87_2_3.tif": 1.856529951095581,