{
  "L067_126_1_1.tif": 4.8895795771386474e-05,
  "L067_126_1_3.tif": 7.197447526863243e-09,
  "L067_126_2_2.tif": 2.4262590159196407e-05,
  "L067_126_2_3.tif": 3.1577008485328406e-05,
  "L067_152_1_1.tif": 1.2581398550537415e-05,
  "L067_152_1_2.tif": 1.7873755808750502e-08,
  "L067_152_1_4.tif": 7.852566341171041e-06,
  "L067_244_1_3.tif": 8.570335126023565e-07,
  "L067_244_1_5.tif": 0.00045911315828561783,
  "L067_244_2_2.tif": 0.001816874835640192,
  "L067_244_2_3.tif": 0.001958316657692194,
  "L067_244_2_4.tif": 8.092268399195746e-05,
  "L067_244_2_5.tif": 0.000368923123460263,
  "L067_302_2_1.tif": 7.323215100996094e-08,
  "L067_302_2_2.tif": 2.54639900276743e-07,
  "L067_302_2_3.tif": 0.001600100426003337,
  "L067_318_1_2.tif": 3.0266471640061354e-07,
  "L067_318_1_5.tif": 0.0025046933442354202,
  "L067_318_2_4.tif": 0.0027356056962162256,
  "L291_340_1_2.tif": 5.865999810339417e-06,
  "L291_340_1_4.tif": 4.779265873366967e-05,
  "L291_340_1_5.tif": 1.7843807427198044e-06,
  "L291_340_2_3.tif": 1.7642950069785002e-06,
  "L291_340_2_4.tif": 1.1782220099121332e-05,
  "L291_412_1_2.tif": 1.353134621240315e-06,
  "L291_412_1_4.tif": 2.210114416811848e-06,
  "L291_412_2_1.tif": 4.2889050746452995e-06,
  "L291_412_2_5.tif": 2.5489356403340935e-07,
  "L291_459_1_1.tif": 3.4546733331808355e-06,
  "L291_459_2_1.tif": 0.0002733612491283566,
  "L291_459_2_3.tif": 0.00011058132804464549,
  "L291_527_1_5.tif": 4.306001812892646e-07,
  "L291_568_1_3.tif": 2.4017474231641245e-08,
  "L291_568_2_2.tif": 1.01228342828108e-05,
  "L291_568_2_3.tif": 2.4525311346224044e-06,
  "L291_568_2_4.tif": 2.378414683334995e-05,
  "L506_134_1_3.tif": 1.505796603851195e-06,
  "L506_134_2_4.tif": 0.00022083354997448623,
  "L506_134_2_5.tif": 6.48944842396304e-05,
  "L506_206_1_1.tif": 8.650462746118137e-07,
  "L506_206_1_2.tif": 0.001686153351329267,
  "L506_206_2_3.tif": 0.007154328282922506,
  "L506_255_1_2.tif": 4.455417013105034e-07,
  "L506_255_1_3.tif": 0.004110800568014383,
  "L506_255_1_4.tif": 0.004579978529363871,
  "L506_255_2_2.tif": 5.057111138739856e-07,
  "L506_342_1_1.tif": 8.009867542568827e-07,
  "L506_342_2_2.tif": 8.075592177192448e-07,
  "L506_342_2_3.tif": 0.00402247766032815,
  "L506_342_2_4.tif": 0.0029468091670423746,
  "L506_386_1_2.tif": 0.0010367358336225152,
  "L506_386_1_5.tif": 0.00030398755916394293,
  "L506_386_2_4.tif": 8.03789760084328e-07,
  "S058279_70_1_2.tif": 2.325976034001087e-08,
  "S058279_70_1_4.tif": 1.3733615560340695e-05,
  "S058279_70_1_5.tif": 1.3816464843330323e-06,
  "S058279_70_2_2.tif": 5.64785729295636e-08,
  "S058279_85_1_2.tif": 1.290265174702654e-07,
  "S058279_85_1_4.tif": 1.9244320355937816e-05,
  "S058279_85_2_4.tif": 1.5967054878274212e-07,
  "S058279_85_2_5.tif": 2.2811000235378742e-05,
  "S058279_100_1_3.tif": 6.260409281821921e-05,
  "S058279_100_2_1.tif": 2.2590440494241193e-05,
  "S058279_100_2_2.tif": 1.9299090126878582e-05,
  "S058279_100_2_4.tif": 6.7853920882043894e-06,
  "S058279_116_1_2.tif": 3.843525337288156e-05,
  "S058279_116_1_4.tif": 4.4173004425829276e-05,
  "S058279_116_2_4.tif": 0.00013467235839925706,
  "S058279_116_2_5.tif": 2.067995046672877e-05,
  "S058279_121_1_4.tif": 1.1435012083893525e-06,
  "S058279_121_2_2.tif": 0.0001002600765787065,
  "S058279_121_2_4.tif": 3.6335688491817564e-05,
  "S058279_121_2_5.tif": 0.00022377813002094626,
  "S058279_137_2_4.tif": 3.2125220172929403e-07,
  "S058279_144_1_4.tif": 0.00017588796617928892,
  "S058279_144_2_1.tif": 7.370061894107494e-07,
  "S058279_144_2_2.tif": 5.6659937399672344e-05,
  "S058279_144_2_3.tif": 7.67568394621776e-07,
  "S058279_144_2_5.tif": 1.9720517229870893e-05,
  "S058279_163_1_3.tif": 2.6301513571524993e-05,
  "S058279_163_1_5.tif": 1.075425370800076e-05,
  "S058279_163_2_2.tif": 2.182217940571718e-05,
  "S064012_58_1_1.tif": 1.8658801081983256e-06,
  "S064012_58_1_4.tif": 8.057795639615506e-06,
  "S064012_58_2_2.tif": 6.422408478101715e-05,
  "S064012_58_2_4.tif": 2.7652524714483206e-09,
  "S064012_68_1_5.tif": 5.498586688190699e-06,
  "S064012_68_2_2.tif": 3.833121819951657e-09,
  "S064012_87_1_2.tif": 1.0224660400126595e-05,
  "S064012_87_1_3.tif": 1.2225739309812411e-09,
  "S064012_87_2_4.tif": 1.2917461544859066e-09,
  "S064012_99_1_3.tif": 9.313271584687755e-05,
  "S064012_99_2_3.tif": 1.4627038581238594e-05,
  "S064012_99_2_5.tif": 4.069256220873285e-08,
  "S064012_114_2_5.tif": 3.578990072128363e-05,
  "S064012_143_1_2.tif": 0.0009895662078633904,
  "S064012_143_1_4.tif": 0.0054400768131017685,
  "S064012_143_2_2.tif": 0.0002645264903549105,
  "S064012_143_2_5.tif": 1.586599154279611e-07,
  "S064012_160_2_5.tif": 0.0002372197777731344,
  "L067_126_1_2.tif": 7.900584186870674e-09,
  "L067_126_1_4.tif": 0.00033556821290403605,
  "L067_126_2_1.tif": 6.933640150919018e-08,
  "L067_152_1_3.tif": 4.7727116907481104e-05,
  "L067_152_1_5.tif": 0.0004926463006995618,
  "L067_152_2_2.tif": 0.00011022292892448604,
  "L067_152_2_4.tif": 6.35335745755583e-05,
  "L067_244_1_2.tif": 8.568521252527717e-07,
  "L067_244_1_4.tif": 1.7663303708559397e-07,
  "L067_244_2_1.tif": 4.608383460436016e-05,
  "L067_302_1_3.tif": 0.0002689571992959827,
  "L067_302_2_4.tif": 0.0014601917937397957,
  "L067_302_2_5.tif": 6.020403088768944e-05,
  "L067_318_2_1.tif": 6.509092997930566e-08,
  "L067_318_2_2.tif": 3.162704445003328e-07,
  "L067_318_2_3.tif": 4.833319690078497e-05,
  "L067_318_2_5.tif": 0.0003029740764759481,
  "L291_340_1_1.tif": 1.1072057532146573e-05,
  "L291_340_1_3.tif": 0.00010248757462250069,
  "L291_340_2_1.tif": 4.520167931332253e-05,
  "L291_340_2_2.tif": 1.743635635875762e-07,
  "L291_340_2_5.tif": 9.842927101999521e-05,
  "L291_412_1_5.tif": 2.513454688823913e-08,
  "L291_412_2_2.tif": 3.114431456197053e-05,
  "L291_412_2_3.tif": 1.1727937817340717e-05,
  "L291_459_1_2.tif": 3.260649828007445e-05,
  "L291_459_1_4.tif": 1.1575375538086519e-05,
  "L291_459_1_5.tif": 3.960341928177513e-05,
  "L291_527_1_1.tif": 4.9128564569400623e-05,
  "L291_527_1_2.tif": 2.0362893337733112e-05,
  "L291_527_1_3.tif": 5.6462525321876456e-08,
  "L291_527_1_4.tif": 0.0001334854168817401,
  "L291_527_2_2.tif": 5.470908945426345e-05,
  "L291_527_2_4.tif": 4.114869511795405e-07,
  "L291_527_2_5.tif": 0.0001280031428905204,
  "L291_568_1_2.tif": 2.4073915483313613e-05,
  "L291_568_1_4.tif": 2.1898795665720172e-08,
  "L291_568_1_5.tif": 2.645306494741817e-06,
  "L506_134_1_4.tif": 0.0003331803309265524,
  "L506_134_1_5.tif": 0.0011551192728802562,
  "L506_134_2_1.tif": 4.1196366851181665e-07,
  "L506_134_2_2.tif": 0.001063119387254119,
  "L506_206_1_5.tif": 2.7375881472835317e-06,
  "L506_206_2_1.tif": 0.001673745340667665,
  "L506_255_2_1.tif": 0.00019189383601769805,
  "L506_342_1_2.tif": 2.411401510471478e-06,
  "L506_386_1_3.tif": 0.00026783361681737006,
  "L506_386_2_2.tif": 0.0014501451514661312,
  "L506_386_2_5.tif": 2.679860529042344e-07,
  "S058279_70_1_1.tif": 2.5690384930499022e-08,
  "S058279_70_2_3.tif": 4.705568699137075e-06,
  "S058279_85_1_1.tif": 3.600977436235553e-07,
  "S058279_85_1_5.tif": 3.593752637698344e-07,
  "S058279_85_2_2.tif": 1.4079236279940233e-05,
  "S058279_100_1_4.tif": 8.642825122251452e-08,
  "S058279_100_1_5.tif": 2.7294393589727406e-07,
  "S058279_100_2_5.tif": 5.181488631933462e-06,
  "S058279_116_1_5.tif": 3.814170952409768e-07,
  "S058279_116_2_1.tif": 1.6421323380200192e-05,
  "S058279_116_2_3.tif": 1.1641068340395577e-06,
  "S058279_121_1_3.tif": 8.979406266007572e-05,
  "S058279_121_1_5.tif": 2.579014289949555e-05,
  "S058279_121_2_1.tif": 2.5902259039867204e-06,
  "S058279_121_2_3.tif": 6.573059363290668e-05,
  "S058279_137_1_1.tif": 0.00019777430861722678,
  "S058279_137_1_2.tif": 2.1671672584488988e-05,
  "S058279_137_1_3.tif": 8.631698733552184e-07,
  "S058279_137_1_4.tif": 2.598158607725054e-05,
  "S058279_137_1_5.tif": 0.00021158967865630984,
  "S058279_144_1_1.tif": 0.00018727123097050935,
  "S058279_144_1_2.tif": 5.3439278417499736e-05,
  "S058279_163_1_1.tif": 9.466851224715356e-06,