{
  "L067_126_1_1.tif": 1.2367666959762573,
  "L067_126_1_3.tif": 0.24902895092964172,
  "L067_126_2_2.tif": 0.9531497359275818,
  "L067_126_2_3.tif": 1.023998737335205,
  "L067_152_1_1.tif": 0.8839994072914124,
  "L067_152_1_2.tif": 0.2687695324420929,
  "L067_152_1_4.tif": 0.7854732275009155,
  "L067_244_1_3.tif": 0.49914517998695374,
  "L067_244_1_5.tif": 1.5894670486450195,
  "L067_244_2_2.tif": 1.8552066087722778,
  "L067_244_2_3.tif": 1.915460467338562,
  "L067_244_2_4.tif": 1.206984519958496,
  "L067_244_2_5.tif": 1.5214722156524658,
  "L067_302_2_1.tif": 0.18676410615444183,
  "L067_302_2_2.tif": 0.2783653438091278,
  "L067_302_2_3.tif": 1.3067485094070435,
  "L067_318_1_2.tif": 0.2975500524044037,
  "L067_318_1_5.tif": 1.3650013208389282,
  "L067_318_2_4.tif": 1.4166028499603271,
  "L291_340_1_2.tif": 1.5992603302001953,
  "L291_340_1_4.tif": 2.299476385116577,
  "L291_340_1_5.tif": 0.9779822826385498,
  "L291_340_2_3.tif": 1.0891871452331543,
  "L291_340_2_4.tif": 1.742390751838684,
  "L291_412_1_2.tif": 1.1357146501541138,
  "L291_412_1_4.tif": 1.4398114681243896,
  "L291_412_2_1.tif": 1.5320342779159546,
  "L291_412_2_5.tif": 0.7916027307510376,
  "L291_459_1_1.tif": 0.8444923162460327,
  "L291_459_2_1.tif": 2.3449552059173584,
  "L291_459_2_3.tif": 1.9089908599853516,
  "L291_527_1_5.tif": 0.6753836274147034,
  "L291_568_1_3.tif": 0.4274512529373169,
  "L291_568_2_2.tif": 1.9883488416671753,
  "L291_568_2_3.tif": 1.374696969985962,
  "L291_568_2_4.tif": 2.376411199569702,
  "L506_134_1_3.tif": 0.3416403532028198,
  "L506_134_2_4.tif": 1.1078214645385742,
  "L506_134_2_5.tif": 0.8257108330726624,
  "L506_206_1_1.tif": 0.3587697744369507,
  "L506_206_1_2.tif": 1.5353394746780396,
  "L506_206_2_3.tif": 1.7471051216125488,
  "L506_255_1_2.tif": 0.37173834443092346,
  "L506_255_1_3.tif": 1.9233150482177734,
  "L506_255_1_4.tif": 1.9939796924591064,
  "L506_255_2_2.tif": 0.3571626842021942,
  "L506_342_1_1.tif": 0.28679928183555603,
  "L506_342_2_2.tif": 0.2719176411628723,
  "L506_342_2_3.tif": 1.7441455125808716,
  "L506_342_2_4.tif": 1.2688829898834229,
  "L506_386_1_2.tif": 1.2470996379852295,
  "L506_386_1_5.tif": 1.2469964027404785,
  "L506_386_2_4.tif": 0.31635040044784546,
  "S058279_70_1_2.tif": 0.6124149560928345,
  "S058279_70_1_4.tif": 2.3442022800445557,
  "S058279_70_1_5.tif": 1.7404377460479736,
  "S058279_70_2_2.tif": 0.8203263282775879,
  "S058279_85_1_2.tif": 0.6080787181854248,
  "S058279_85_1_4.tif": 1.858928918838501,
  "S058279_85_2_4.tif": 0.8050739169120789,
  "S058279_85_2_5.tif": 1.9920371770858765,
  "S058279_100_1_3.tif": 2.4501044750213623,
  "S058279_100_2_1.tif": 2.117419958114624,
  "S058279_100_2_2.tif": 1.9753124713897705,
  "S058279_100_2_4.tif": 2.0597896575927734,
  "S058279_116_1_2.tif": 2.2749807834625244,
  "S058279_116_1_4.tif": 2.509782075881958,
  "S058279_116_2_4.tif": 2.409083843231201,
  "S058279_116_2_5.tif": 2.1441473960876465,
  "S058279_121_1_4.tif": 0.8695384860038757,
  "S058279_121_2_2.tif": 2.1371474266052246,
  "S058279_121_2_4.tif": 2.0630247592926025,
  "S058279_121_2_5.tif": 2.4264960289001465,
  "S058279_137_2_4.tif": 0.5769889950752258,
  "S058279_144_1_4.tif": 2.5177721977233887,
  "S058279_144_2_1.tif": 0.8550509214401245,
  "S058279_144_2_2.tif": 2.098493814468384,
  "S058279_144_2_3.tif": 0.7788785099983215,
  "S058279_144_2_5.tif": 1.8433992862701416,
  "S058279_163_1_3.tif": 2.056976556777954,
  "S058279_163_1_5.tif": 2.015561580657959,
  "S058279_163_2_2.tif": 2.1877477169036865,
  "S064012_58_1_1.tif": 1.075413703918457,
  "S064012_58_1_4.tif": 1.1337615251541138,
  "S064012_58_2_2.tif": 1.522965431213379,
  "S064012_58_2_4.tif": 0.35566627979278564,
  "S064012_68_1_5.tif": 1.7168275117874146,
  "S064012_68_2_2.tif": 0.45107316970825195,
  "S064012_87_1_2.tif": 1.0834580659866333,
  "S064012_87_1_3.tif": 0.2440047413110733,
  "S064012_87_2_4.tif": 0.26465311646461487,
  "S064012_99_1_3.tif": 1.5159907341003418,
  "S064012_99_2_3.tif": 1.150538444519043,
  "S064012_99_2_5.tif": 0.36377131938934326,
  "S064012_114_2_5.tif": 1.3371461629867554,
  "S064012_143_1_2.tif": 1.5156161785125732,
  "S064012_143_1_4.tif": 1.8970844745635986,
  "S064012_143_2_2.tif": 1.3062087297439575,
  "S064012_143_2_5.tif": 0.38035959005355835,
  "S064012_160_2_5.tif": 1.9532496929168701,
  "L067_126_1_2.tif": 0.27782443165779114,
  "L067_126_1_4.tif": 1.5483460426330566,
  "L067_126_2_1.tif": 0.4225160777568817,
  "L067_152_1_3.tif": 1.0464332103729248,
  "L067_152_1_5.tif": 1.5959677696228027,
  "L067_152_2_2.tif": 1.29361093044281,
  "L067_152_2_4.tif": 1.137072205543518,
  "L067_244_1_2.tif": 0.5211054682731628,
  "L067_244_1_4.tif": 0.3840116560459137,
  "L067_244_2_1.tif": 1.0544060468673706,
  "L067_302_1_3.tif": 0.903788149356842,
  "L067_302_2_4.tif": 1.2573283910751343,
  "L067_302_2_5.tif": 0.757575511932373,
  "L067_318_2_1.tif": 0.19164639711380005,
  "L067_318_2_2.tif": 0.28543832898139954,
  "L067_318_2_3.tif": 0.6982616782188416,
  "L067_318_2_5.tif": 1.0411330461502075,
  "L291_340_1_1.tif": 2.004706859588623,
  "L291_340_1_3.tif": 2.581191062927246,
  "L291_340_2_1.tif": 2.1630802154541016,
  "L291_340_2_2.tif": 0.6260875463485718,
  "L291_340_2_5.tif": 2.6757802963256836,
  "L291_412_1_5.tif": 0.3969166576862335,
  "L291_412_2_2.tif": 2.2954485416412354,
  "L291_412_2_3.tif": 1.8687947988510132,
  "L291_459_1_2.tif": 1.4895174503326416,
  "L291_459_1_4.tif": 1.0853662490844727,
  "L291_459_1_5.tif": 1.7167983055114746,
  "L291_527_1_1.tif": 1.9045681953430176,
  "L291_527_1_2.tif": 1.6556814908981323,
  "L291_527_1_3.tif": 0.3737429082393646,
  "L291_527_1_4.tif": 2.391176700592041,
  "L291_527_2_2.tif": 2.02821946144104,
  "L291_527_2_4.tif": 0.7371981739997864,
  "L291_527_2_5.tif": 2.3002216815948486,
  "L291_568_1_2.tif": 2.467668294906616,
  "L291_568_1_4.tif": 0.58900386095047,
  "L291_568_1_5.tif": 1.7212135791778564,
  "L506_134_1_4.tif": 1.1024516820907593,
  "L506_134_1_5.tif": 1.422265887260437,
  "L506_134_2_1.tif": 0.2568974792957306,
  "L506_134_2_2.tif": 1.3658581972122192,
  "L506_206_1_5.tif": 0.3887362778186798,
  "L506_206_2_1.tif": 1.3302476406097412,
  "L506_255_2_1.tif": 1.348385214805603,
  "L506_342_1_2.tif": 0.2986815869808197,
  "L506_386_1_3.tif": 1.2043882608413696,
  "L506_386_2_2.tif": 1.726035714149475,
  "L506_386_2_5.tif": 0.31557655334472656,
  "S058279_70_1_1.tif": 0.7937031984329224,
  "S058279_70_2_3.tif": 1.9313715696334839,
  "S058279_85_1_1.tif": 0.8407313227653503,
  "S058279_85_1_5.tif": 0.7632119655609131,
  "S058279_85_2_2.tif": 2.1310184001922607,
  "S058279_100_1_4.tif": 0.5873560905456543,
  "S058279_100_1_5.tif": 0.753899335861206,
  "S058279_100_2_5.tif": 1.7399287223815918,
  "S058279_116_1_5.tif": 0.6300005316734314,
  "S058279_116_2_1.tif": 1.811941385269165,
  "S058279_116_2_3.tif": 0.8098397254943848,
  "S058279_121_1_3.tif": 1.9898345470428467,
  "S058279_121_1_5.tif": 1.7087055444717407,
  "S058279_121_2_1.tif": 0.9305428862571716,
  "S058279_121_2_3.tif": 2.181453227996826,
  "S058279_137_1_1.tif": 2.337811231613159,
  "S058279_137_1_2.tif": 1.6883914470672607,
  "S058279_137_1_3.tif": 0.8258548974990845,
  "S058279_137_1_4.tif": 2.0076749324798584,
  "S058279_137_1_5.tif": 2.442519426345825,
  "S058279_144_1_1.tif": 2.6192922592163086,
  "S058279_144_1_2.tif": 2.374673843383789,
  "S058279_163_1_1.tif": 1.6885300874710083,
  "S058279_163_1_4.tif": 0.6309326887130737,
  "S058279_163_2_1.tif": 1.9150234460830688,
  "S058279_163_2_3.tif": 2.307870626449585,
  "S064012_58_1_2.tif": 1.5409303903579712,
  "S064012_58_1_3.tif": 1.1826395988464355,
  "S064012_58_2_3.tif": 1.1817768812179565,
  "S064012_68_1_1.tif": 1.6124211549758911,
  "S064012_68_1_2.tif": 0.44486621022224426,
  "S064012_68_1_3.tif": 1.350858211517334,
  "S064012_68_2_1.tif": 1.3873915672302246,
  "S064012_68_2_4.tif": 1.681052327156067,
  "S064012_87_1_4.tif": 1.303314208984375,
  "S064012_87_1_5.tif": 1.4360649585723877,