{
  "L067_126_1_1.tif": 3.2750356197357178,
  "L067_126_1_3.tif": 3.2722182273864746,
  "L067_126_2_2.tif": 3.266752243041992,
  "L067_126_2_3.tif": 3.2560508251190186,
  "L067_152_1_1.tif": 3.2829408645629883,
  "L067_152_1_2.tif": 3.2446770668029785,
  "L067_152_1_4.tif": 3.2937350273132324,
  "L067_244_1_3.tif": 2.864523410797119,
  "L067_244_1_5.tif": 2.460991144180298,
  "L067_244_2_2.tif": 2.329765796661377,
  "L067_244_2_3.tif": 2.3364250659942627,
  "L067_244_2_4.tif": 2.646845817565918,
  "L067_244_2_5.tif": 2.4984726905822754,
  "L067_302_2_1.tif": 1.9064019918441772,
  "L067_302_2_2.tif": 1.5765509605407715,
  "L067_302_2_3.tif": 1.1445358991622925,
  "L067_318_1_2.tif": 0.8538464903831482,
  "L067_318_1_5.tif": 0.6881011724472046,
  "L067_318_2_4.tif": 0.6971251964569092,
  "L291_340_1_2.tif": 3.485379219055176,
  "L291_340_1_4.tif": 3.4369966983795166,
  "L291_340_1_5.tif": 3.2055423259735107,
  "L291_340_2_3.tif": 3.178884506225586,
  "L291_340_2_4.tif": 3.478667974472046,
  "L291_412_1_2.tif": 3.623004913330078,
  "L291_412_1_4.tif": 3.6120975017547607,
  "L291_412_2_1.tif": 3.6047933101654053,
  "L291_412_2_5.tif": 3.392873764038086,
  "L291_459_1_1.tif": 2.6385505199432373,
  "L291_459_2_1.tif": 2.9974400997161865,
  "L291_459_2_3.tif": 2.9993667602539062,
  "L291_527_1_5.tif": 2.2187623977661133,
  "L291_568_1_3.tif": 2.4830546379089355,
  "L291_568_2_2.tif": 2.869734287261963,
  "L291_568_2_3.tif": 3.0042126178741455,
  "L291_568_2_4.tif": 2.8820395469665527,
  "L506_134_1_3.tif": 2.8932740688323975,
  "L506_134_2_4.tif": 2.8455402851104736,
  "L506_134_2_5.tif": 2.9378855228424072,
  "L506_206_1_1.tif": 2.2782130241394043,
  "L506_206_1_2.tif": 1.4119794368743896,
  "L506_206_2_3.tif": 1.1737792491912842,
  "L506_255_1_2.tif": 1.0173864364624023,
  "L506_255_1_3.tif": 0.8414269685745239,
  "L506_255_1_4.tif": 0.8316580057144165,
  "L506_255_2_2.tif": 1.0178698301315308,
  "L506_342_1_1.tif": 1.9714694023132324,
  "L506_342_2_2.tif": 1.9919695854187012,
  "L506_342_2_3.tif": 1.490362286567688,
  "L506_342_2_4.tif": 1.5400058031082153,
  "L506_386_1_2.tif": 1.064041018486023,
  "L506_386_1_5.tif": 1.205008864402771,
  "L506_386_2_4.tif": 1.1222933530807495,
  "S058279_70_1_2.tif": 3.3863682746887207,
  "S058279_70_1_4.tif": 3.6104087829589844,
  "S058279_70_1_5.tif": 3.590333938598633,
  "S058279_70_2_2.tif": 3.20300030708313,
  "S058279_85_1_2.tif": 3.271019220352173,
  "S058279_85_1_4.tif": 3.3964295387268066,
  "S058279_85_2_4.tif": 3.207847833633423,
  "S058279_85_2_5.tif": 3.3815770149230957,
  "S058279_100_1_3.tif": 3.6327452659606934,
  "S058279_100_2_1.tif": 3.585523843765259,
  "S058279_100_2_2.tif": 3.5707995891571045,
  "S058279_100_2_4.tif": 3.6557390689849854,
  "S058279_116_1_2.tif": 3.732837438583374,
  "S058279_116_1_4.tif": 3.7562434673309326,
  "S058279_116_2_4.tif": 3.6593751907348633,
  "S058279_116_2_5.tif": 3.7024693489074707,
  "S058279_121_1_4.tif": 3.3683385848999023,
  "S058279_121_2_2.tif": 3.4487335681915283,
  "S058279_121_2_4.tif": 3.5515599250793457,
  "S058279_121_2_5.tif": 3.5081493854522705,
  "S058279_137_2_4.tif": 1.9206781387329102,
  "S058279_144_1_4.tif": 2.4639475345611572,
  "S058279_144_2_1.tif": 1.8568804264068604,
  "S058279_144_2_2.tif": 2.3596198558807373,
  "S058279_144_2_3.tif": 1.8711974620819092,
  "S058279_144_2_5.tif": 2.6149861812591553,
  "S058279_163_1_3.tif": 2.6432018280029297,
  "S058279_163_1_5.tif": 2.9057345390319824,
  "S058279_163_2_2.tif": 3.1136279106140137,
  "S064012_58_1_1.tif": 2.9825456142425537,
  "S064012_58_1_4.tif": 2.8584866523742676,
  "S064012_58_2_2.tif": 2.817425489425659,
  "S064012_58_2_4.tif": 2.434598445892334,
  "S064012_68_1_5.tif": 3.556333065032959,
  "S064012_68_2_2.tif": 3.2643020153045654,
  "S064012_87_1_2.tif": 2.1233408451080322,
  "S064012_87_1_3.tif": 2.494080066680908,
  "S064012_87_2_4.tif": 2.406393051147461,
  "S064012_99_1_3.tif": 2.612851858139038,
  "S064012_99_2_3.tif": 2.590376853942871,
  "S064012_99_2_5.tif": 2.3513810634613037,
  "S064012_114_2_5.tif": 2.0124459266662598,
  "S064012_143_1_2.tif": 0.7014989256858826,
  "S064012_143_1_4.tif": 0.9187406897544861,
  "S064012_143_2_2.tif": 0.7680595517158508,
  "S064012_143_2_5.tif": 0.8886295557022095,
  "S064012_160_2_5.tif": 2.0765974521636963,
  "L067_126_1_2.tif": 3.2134134769439697,
  "L067_126_1_4.tif": 3.1170365810394287,
  "L067_126_2_1.tif": 3.025667428970337,
  "L067_152_1_3.tif": 3.1248743534088135,
  "L067_152_1_5.tif": 2.892118215560913,
  "L067_152_2_2.tif": 3.076724052429199,
  "L067_152_2_4.tif": 3.109532594680786,
  "L067_244_1_2.tif": 2.8553411960601807,
  "L067_244_1_4.tif": 3.0442957878112793,
  "L067_244_2_1.tif": 2.736636161804199,
  "L067_302_1_3.tif": 1.3094863891601562,
  "L067_302_2_4.tif": 1.1474156379699707,
  "L067_302_2_5.tif": 1.31382155418396,
  "L067_318_2_1.tif": 1.1131011247634888,
  "L067_318_2_2.tif": 0.8545057773590088,
  "L067_318_2_3.tif": 0.8406842350959778,
  "L067_318_2_5.tif": 0.6790552139282227,
  "L291_340_1_1.tif": 3.4901845455169678,
  "L291_340_1_3.tif": 3.435652732849121,
  "L291_340_2_1.tif": 3.4388184547424316,
  "L291_340_2_2.tif": 3.3282461166381836,
  "L291_340_2_5.tif": 3.4504740238189697,
  "L291_412_1_5.tif": 3.5099549293518066,
  "L291_412_2_2.tif": 3.559842109680176,
  "L291_412_2_3.tif": 3.5699002742767334,
  "L291_459_1_2.tif": 3.1601359844207764,
  "L291_459_1_4.tif": 3.1565887928009033,
  "L291_459_1_5.tif": 3.1546826362609863,
  "L291_527_1_1.tif": 2.6732263565063477,
  "L291_527_1_2.tif": 2.927433490753174,
  "L291_527_1_3.tif": 2.7488131523132324,
  "L291_527_1_4.tif": 2.731034517288208,
  "L291_527_2_2.tif": 2.705286979675293,
  "L291_527_2_4.tif": 2.1907896995544434,
  "L291_527_2_5.tif": 2.7354583740234375,
  "L291_568_1_2.tif": 2.90183424949646,
  "L291_568_1_4.tif": 2.335114002227783,
  "L291_568_1_5.tif": 3.0183160305023193,
  "L506_134_1_4.tif": 2.7013137340545654,
  "L506_134_1_5.tif": 2.5683064460754395,
  "L506_134_2_1.tif": 3.051879644393921,
  "L506_134_2_2.tif": 2.5664238929748535,
  "L506_206_1_5.tif": 2.0905470848083496,
  "L506_206_2_1.tif": 1.3459819555282593,
  "L506_255_2_1.tif": 1.1470824480056763,
  "L506_342_1_2.tif": 1.746424913406372,
  "L506_386_1_3.tif": 1.2098528146743774,
  "L506_386_2_2.tif": 1.088955044746399,
  "L506_386_2_5.tif": 1.2154133319854736,
  "S058279_70_1_1.tif": 3.3205134868621826,
  "S058279_70_2_3.tif": 3.522965908050537,
  "S058279_85_1_1.tif": 3.067072629928589,
  "S058279_85_1_5.tif": 3.0640246868133545,
  "S058279_85_2_2.tif": 3.549699544906616,
  "S058279_100_1_4.tif": 3.477611780166626,
  "S058279_100_1_5.tif": 3.3880748748779297,
  "S058279_100_2_5.tif": 3.654022455215454,
  "S058279_116_1_5.tif": 3.518120765686035,
  "S058279_116_2_1.tif": 3.6968624591827393,
  "S058279_116_2_3.tif": 3.4531188011169434,
  "S058279_121_1_3.tif": 3.4506924152374268,
  "S058279_121_1_5.tif": 3.554366111755371,
  "S058279_121_2_1.tif": 3.244347095489502,
  "S058279_121_2_3.tif": 3.6096034049987793,
  "S058279_137_1_1.tif": 2.203202724456787,
  "S058279_137_1_2.tif": 2.2372686862945557,
  "S058279_137_1_3.tif": 1.6525872945785522,
  "S058279_137_1_4.tif": 2.206759214401245,
  "S058279_137_1_5.tif": 2.2185966968536377,
  "S058279_144_1_1.tif": 2.4801173210144043,
  "S058279_144_1_2.tif": 2.7028214931488037,
  "S058279_163_1_1.tif": 2.871452808380127,
  "S058279_163_1_4.tif": 1.9121768474578857,
  "S058279_163_2_1.tif": 2.6543614864349365,
  "S058279_163_2_3.tif": 2.860530376434326,
  "S064012_58_1_2.tif": 2.977736473083496,
  "S064012_58_1_3.tif": 3.0283942222595215,
  "S064012_58_2_3.tif": 2.8606081008911133,
  "S064012_68_1_1.tif": 3.549151659011841,
  "S064012_68_1_2.tif": 3.3656833171844482,
  "S064012_68_1_3.tif": 3.55771541595459,
  "S064012_68_2_1.tif": 3.473144292831421,
  "S064012_68_2_4.tif": 3.48873233795166,
  "S064012_87_1_4.tif": 2.376096487045288,
  "S064012_87_1_5.tif": 2.2708892822265625,
  "S064012_87_2_1.tif": 2.2596116065979004,