{
  "L067_126_1_1.tif": 2.73360538482666,
  "L067_126_1_3.tif": 2.323276996612549,
  "L067_126_2_2.tif": 2.8880200386047363,
  "L067_126_2_3.tif": 2.9044806957244873,
  "L067_152_1_1.tif": 2.6181108951568604,
  "L067_152_1_2.tif": 2.089448928833008,
  "L067_152_1_4.tif": 2.600038528442383,
  "L067_244_1_3.tif": 2.2406954765319824,
  "L067_244_1_5.tif": 2.9650444984436035,
  "L067_244_2_2.tif": 3.034872055053711,
  "L067_244_2_3.tif": 3.039459705352783,
  "L067_244_2_4.tif": 2.8755664825439453,
  "L067_244_2_5.tif": 2.9525585174560547,
  "L067_302_2_1.tif": 1.9112194776535034,
  "L067_302_2_2.tif": 1.7950807809829712,
  "L067_302_2_3.tif": 3.2147278785705566,
  "L067_318_1_2.tif": 1.456572413444519,
  "L067_318_1_5.tif": 3.1299519538879395,
  "L067_318_2_4.tif": 3.1420066356658936,
  "L291_340_1_2.tif": 2.6867501735687256,
  "L291_340_1_4.tif": 2.5194544792175293,
  "L291_340_1_5.tif": 1.8384970426559448,
  "L291_340_2_3.tif": 1.8049131631851196,
  "L291_340_2_4.tif": 2.7468364238739014,
  "L291_412_1_2.tif": 2.7633626461029053,
  "L291_412_1_4.tif": 2.797825336456299,
  "L291_412_2_1.tif": 2.8336265087127686,
  "L291_412_2_5.tif": 2.1778523921966553,
  "L291_459_1_1.tif": 2.0927798748016357,
  "L291_459_2_1.tif": 2.7425973415374756,
  "L291_459_2_3.tif": 2.662473201751709,
  "L291_527_1_5.tif": 1.1375534534454346,
  "L291_568_1_3.tif": 1.1778830289840698,
  "L291_568_2_2.tif": 2.086045265197754,
  "L291_568_2_3.tif": 2.1734836101531982,
  "L291_568_2_4.tif": 2.2234303951263428,
  "L506_134_1_3.tif": 1.6140590906143188,
  "L506_134_2_4.tif": 2.5152580738067627,
  "L506_134_2_5.tif": 2.337775230407715,
  "L506_206_1_1.tif": 2.500981330871582,
  "L506_206_1_2.tif": 3.1486642360687256,
  "L506_206_2_3.tif": 3.1295454502105713,
  "L506_255_1_2.tif": 1.7408150434494019,
  "L506_255_1_3.tif": 3.1571459770202637,
  "L506_255_1_4.tif": 3.1655948162078857,
  "L506_255_2_2.tif": 1.7719444036483765,
  "L506_342_1_1.tif": 2.0551905632019043,
  "L506_342_2_2.tif": 2.082564353942871,
  "L506_342_2_3.tif": 3.078325033187866,
  "L506_342_2_4.tif": 2.880253314971924,
  "L506_386_1_2.tif": 3.2248411178588867,
  "L506_386_1_5.tif": 3.2712831497192383,
  "L506_386_2_4.tif": 2.3855063915252686,
  "S058279_70_1_2.tif": 1.4008148908615112,
  "S058279_70_1_4.tif": 2.3529131412506104,
  "S058279_70_1_5.tif": 2.1608469486236572,
  "S058279_70_2_2.tif": 1.3380993604660034,
  "S058279_85_1_2.tif": 1.9281669855117798,
  "S058279_85_1_4.tif": 2.609032392501831,
  "S058279_85_2_4.tif": 1.8959319591522217,
  "S058279_85_2_5.tif": 2.5989303588867188,
  "S058279_100_1_3.tif": 2.8081185817718506,
  "S058279_100_2_1.tif": 2.6855080127716064,
  "S058279_100_2_2.tif": 2.663489818572998,
  "S058279_100_2_4.tif": 2.7005181312561035,
  "S058279_116_1_2.tif": 3.0071098804473877,
  "S058279_116_1_4.tif": 3.0404765605926514,
  "S058279_116_2_4.tif": 3.000324010848999,
  "S058279_116_2_5.tif": 2.929351568222046,
  "S058279_121_1_4.tif": 1.812412142753601,
  "S058279_121_2_2.tif": 2.5086164474487305,
  "S058279_121_2_4.tif": 2.508246660232544,
  "S058279_121_2_5.tif": 2.64375901222229,
  "S058279_137_2_4.tif": 1.7014755010604858,
  "S058279_144_1_4.tif": 3.366368055343628,
  "S058279_144_2_1.tif": 2.2489819526672363,
  "S058279_144_2_2.tif": 3.226630926132202,
  "S058279_144_2_3.tif": 2.2506308555603027,
  "S058279_144_2_5.tif": 3.1990301609039307,
  "S058279_163_1_3.tif": 2.0646438598632812,
  "S058279_163_1_5.tif": 2.087862491607666,
  "S058279_163_2_2.tif": 2.2760250568389893,
  "S064012_58_1_1.tif": 1.6495509147644043,
  "S064012_58_1_4.tif": 1.8170111179351807,
  "S064012_58_2_2.tif": 2.181962013244629,
  "S064012_58_2_4.tif": 0.8332204222679138,
  "S064012_68_1_5.tif": 3.5327141284942627,
  "S064012_68_2_2.tif": 2.718024492263794,
  "S064012_87_1_2.tif": 2.2679502964019775,
  "S064012_87_1_3.tif": 1.1791253089904785,
  "S064012_87_2_4.tif": 1.081242322921753,
  "S064012_99_1_3.tif": 2.87760066986084,
  "S064012_99_2_3.tif": 2.5645394325256348,
  "S064012_99_2_5.tif": 1.3221286535263062,
  "S064012_114_2_5.tif": 2.2162532806396484,
  "S064012_143_1_2.tif": 2.4996273517608643,
  "S064012_143_1_4.tif": 2.8930699825286865,
  "S064012_143_2_2.tif": 2.3654651641845703,
  "S064012_143_2_5.tif": 1.0148731470108032,
  "S064012_160_2_5.tif": 3.499091863632202,
  "L067_126_1_2.tif": 2.283534288406372,
  "L067_126_1_4.tif": 2.8323285579681396,
  "L067_126_2_1.tif": 2.049532651901245,
  "L067_152_1_3.tif": 2.668233633041382,
  "L067_152_1_5.tif": 2.574896812438965,
  "L067_152_2_2.tif": 2.4805901050567627,
  "L067_152_2_4.tif": 2.6922457218170166,
  "L067_244_1_2.tif": 2.220818042755127,
  "L067_244_1_4.tif": 2.2449214458465576,
  "L067_244_2_1.tif": 2.8328864574432373,
  "L067_302_1_3.tif": 3.1756093502044678,
  "L067_302_2_4.tif": 3.211707830429077,
  "L067_302_2_5.tif": 2.983964681625366,
  "L067_318_2_1.tif": 1.6289355754852295,
  "L067_318_2_2.tif": 1.4909409284591675,
  "L067_318_2_3.tif": 2.7995729446411133,
  "L067_318_2_5.tif": 2.857513427734375,
  "L291_340_1_1.tif": 2.7785556316375732,
  "L291_340_1_3.tif": 2.61812686920166,
  "L291_340_2_1.tif": 2.5097262859344482,
  "L291_340_2_2.tif": 2.165039300918579,
  "L291_340_2_5.tif": 2.641723871231079,
  "L291_412_1_5.tif": 2.4581058025360107,
  "L291_412_2_2.tif": 2.761889696121216,
  "L291_412_2_3.tif": 2.689866304397583,
  "L291_459_1_2.tif": 2.838118314743042,
  "L291_459_1_4.tif": 2.7277255058288574,
  "L291_459_1_5.tif": 2.878051519393921,
  "L291_527_1_1.tif": 2.0281074047088623,
  "L291_527_1_2.tif": 2.2714414596557617,
  "L291_527_1_3.tif": 1.3887598514556885,
  "L291_527_1_4.tif": 2.180407762527466,
  "L291_527_2_2.tif": 2.0700089931488037,
  "L291_527_2_4.tif": 1.123365879058838,
  "L291_527_2_5.tif": 2.1637892723083496,
  "L291_568_1_2.tif": 2.2425830364227295,
  "L291_568_1_4.tif": 1.0851551294326782,
  "L291_568_1_5.tif": 2.1747608184814453,
  "L506_134_1_4.tif": 2.286374568939209,
  "L506_134_1_5.tif": 2.4722273349761963,
  "L506_134_2_1.tif": 1.7895430326461792,
  "L506_134_2_2.tif": 2.454528331756592,
  "L506_206_1_5.tif": 2.3861870765686035,
  "L506_206_2_1.tif": 3.0199272632598877,
  "L506_255_2_1.tif": 2.987091302871704,
  "L506_342_1_2.tif": 1.9440113306045532,
  "L506_386_1_3.tif": 3.267230987548828,
  "L506_386_2_2.tif": 3.4082834720611572,
  "L506_386_2_5.tif": 2.4444799423217773,
  "S058279_70_1_1.tif": 1.3766531944274902,
  "S058279_70_2_3.tif": 2.1768882274627686,
  "S058279_85_1_1.tif": 1.849824070930481,
  "S058279_85_1_5.tif": 1.8403871059417725,
  "S058279_85_2_2.tif": 2.748380184173584,
  "S058279_100_1_4.tif": 1.921570897102356,
  "S058279_100_1_5.tif": 1.9123592376708984,
  "S058279_100_2_5.tif": 2.7065491676330566,
  "S058279_116_1_5.tif": 2.192390203475952,
  "S058279_116_2_1.tif": 2.9097111225128174,
  "S058279_116_2_3.tif": 2.2073986530303955,
  "S058279_121_1_3.tif": 2.4960899353027344,
  "S058279_121_1_5.tif": 2.4908487796783447,
  "S058279_121_2_1.tif": 1.7826834917068481,
  "S058279_121_2_3.tif": 2.6466166973114014,
  "S058279_137_1_1.tif": 2.9206907749176025,
  "S058279_137_1_2.tif": 2.686652660369873,
  "S058279_137_1_3.tif": 1.7006663084030151,
  "S058279_137_1_4.tif": 2.6930360794067383,
  "S058279_137_1_5.tif": 2.932779312133789,
  "S058279_144_1_1.tif": 3.375941276550293,
  "S058279_144_1_2.tif": 3.348379373550415,
  "S058279_163_1_1.tif": 2.1206350326538086,
  "S058279_163_1_4.tif": 0.9106858372688293,
  "S058279_163_2_1.tif": 2.073873519897461,
  "S058279_163_2_3.tif": 2.280580520629883,
  "S064012_58_1_2.tif": 1.9722068309783936,
  "S064012_58_1_3.tif": 1.6628038883209229,
  "S064012_58_2_3.tif": 1.82688570022583,
  "S064012_68_1_1.tif": 3.506181240081787,
  "S064012_68_1_2.tif": 2.691192388534546,
  "S064012_68_1_3.tif": 3.4026994705200195,
  "S064012_68_2_1.tif": 3.423879384994507,
  "S064012_68_2_4.tif": 3.5386736392974854,
  "S064012_87_1_4.tif": 2.431309700012207,
  "S064012_87_1_5.tif": 2.59736704826355,
  "S064012_87_2_1.tif": 2.5730509757995605,
  "S064012_87_2_3.tif": 2.2711691856384277,