{
  "L067_126_1_1.tif": 0.2456357479095459,
  "L067_126_1_3.tif": 0.09969060868024826,
  "L067_126_2_2.tif": 0.16818521916866302,
  "L067_126_2_3.tif": 0.16909071803092957,
  "L067_152_1_1.tif": 0.11172544956207275,
  "L067_152_1_2.tif": 0.06968578696250916,
  "L067_152_1_4.tif": 0.10441611707210541,
  "L067_244_1_3.tif": 0.15651124715805054,
  "L067_244_1_5.tif": 0.23231247067451477,
  "L067_244_2_2.tif": 0.23642279207706451,
  "L067_244_2_3.tif": 0.23564188182353973,
  "L067_244_2_4.tif": 0.18258516490459442,
  "L067_244_2_5.tif": 0.2245333194732666,
  "L067_302_2_1.tif": 0.06896170973777771,
  "L067_302_2_2.tif": 0.09400919824838638,
  "L067_302_2_3.tif": 0.13300079107284546,
  "L067_318_1_2.tif": 0.12148439139127731,
  "L067_318_1_5.tif": 0.1809261590242386,
  "L067_318_2_4.tif": 0.18064087629318237,
  "L291_340_1_2.tif": 1.1977874040603638,
  "L291_340_1_4.tif": 1.8366069793701172,
  "L291_340_1_5.tif": 0.5271861553192139,
  "L291_340_2_3.tif": 0.6968675851821899,
  "L291_340_2_4.tif": 1.2406234741210938,
  "L291_412_1_2.tif": 0.2410667985677719,
  "L291_412_1_4.tif": 0.39970290660858154,
  "L291_412_2_1.tif": 0.38693130016326904,
  "L291_412_2_5.tif": 0.24543537199497223,
  "L291_459_1_1.tif": 0.27377140522003174,
  "L291_459_2_1.tif": 0.8372393250465393,
  "L291_459_2_3.tif": 0.5413107872009277,
  "L291_527_1_5.tif": 0.23272931575775146,
  "L291_568_1_3.tif": 0.17681384086608887,
  "L291_568_2_2.tif": 1.0213371515274048,
  "L291_568_2_3.tif": 0.5581895112991333,
  "L291_568_2_4.tif": 1.566452980041504,
  "L506_134_1_3.tif": 0.07520841807126999,
  "L506_134_2_4.tif": 0.15209440886974335,
  "L506_134_2_5.tif": 0.1108371689915657,
  "L506_206_1_1.tif": 0.11127372086048126,
  "L506_206_1_2.tif": 0.2975342869758606,
  "L506_206_2_3.tif": 0.2770751118659973,
  "L506_255_1_2.tif": 0.19791056215763092,
  "L506_255_1_3.tif": 0.6066566109657288,
  "L506_255_1_4.tif": 0.6291458606719971,
  "L506_255_2_2.tif": 0.18617016077041626,
  "L506_342_1_1.tif": 0.14517270028591156,
  "L506_342_2_2.tif": 0.13189871609210968,
  "L506_342_2_3.tif": 0.6482487916946411,
  "L506_342_2_4.tif": 0.30499374866485596,
  "L506_386_1_2.tif": 0.2829010486602783,
  "L506_386_1_5.tif": 0.38913583755493164,
  "L506_386_2_4.tif": 0.14579583704471588,
  "S058279_70_1_2.tif": 0.3000164330005646,
  "S058279_70_1_4.tif": 1.9212920665740967,
  "S058279_70_1_5.tif": 1.1226030588150024,
  "S058279_70_2_2.tif": 0.5432144403457642,
  "S058279_85_1_2.tif": 0.25226277112960815,
  "S058279_85_1_4.tif": 0.9006220102310181,
  "S058279_85_2_4.tif": 0.4598509669303894,
  "S058279_85_2_5.tif": 1.0972760915756226,
  "S058279_100_1_3.tif": 1.4146325588226318,
  "S058279_100_2_1.tif": 1.0392179489135742,
  "S058279_100_2_2.tif": 0.8578536510467529,
  "S058279_100_2_4.tif": 1.228531002998352,
  "S058279_116_1_2.tif": 1.5948172807693481,
  "S058279_116_1_4.tif": 2.034102439880371,
  "S058279_116_2_4.tif": 1.4866812229156494,
  "S058279_116_2_5.tif": 1.4113997220993042,
  "S058279_121_1_4.tif": 0.5019131898880005,
  "S058279_121_2_2.tif": 1.1179412603378296,
  "S058279_121_2_4.tif": 1.2510706186294556,
  "S058279_121_2_5.tif": 1.4392110109329224,
  "S058279_137_2_4.tif": 0.2760109603404999,
  "S058279_144_1_4.tif": 1.212165117263794,
  "S058279_144_2_1.tif": 0.4088236391544342,
  "S058279_144_2_2.tif": 0.8087736368179321,
  "S058279_144_2_3.tif": 0.3457592725753784,
  "S058279_144_2_5.tif": 0.7345730662345886,
  "S058279_163_1_3.tif": 1.0235482454299927,
  "S058279_163_1_5.tif": 1.1683824062347412,
  "S058279_163_2_2.tif": 1.3172460794448853,
  "S064012_58_1_1.tif": 0.2959901690483093,
  "S064012_58_1_4.tif": 0.27471500635147095,
  "S064012_58_2_2.tif": 0.28513526916503906,
  "S064012_58_2_4.tif": 0.19942279160022736,
  "S064012_68_1_5.tif": 0.1610942929983139,
  "S064012_68_2_2.tif": 0.11250800639390945,
  "S064012_87_1_2.tif": 0.2323315590620041,
  "S064012_87_1_3.tif": 0.12832427024841309,
  "S064012_87_2_4.tif": 0.14759819209575653,
  "S064012_99_1_3.tif": 0.27116742730140686,
  "S064012_99_2_3.tif": 0.25268906354904175,
  "S064012_99_2_5.tif": 0.17020218074321747,
  "S064012_114_2_5.tif": 0.4010685682296753,
  "S064012_143_1_2.tif": 0.5527358055114746,
  "S064012_143_1_4.tif": 0.5446892976760864,
  "S064012_143_2_2.tif": 0.4886280596256256,
  "S064012_143_2_5.tif": 0.31796884536743164,
  "S064012_160_2_5.tif": 0.5168973207473755,
  "L067_126_1_2.tif": 0.11643529683351517,
  "L067_126_1_4.tif": 0.2562859058380127,
  "L067_126_2_1.tif": 0.16660481691360474,
  "L067_152_1_3.tif": 0.11336734145879745,
  "L067_152_1_5.tif": 0.1567668914794922,
  "L067_152_2_2.tif": 0.154229998588562,
  "L067_152_2_4.tif": 0.1149291917681694,
  "L067_244_1_2.tif": 0.16110414266586304,
  "L067_244_1_4.tif": 0.1257036030292511,
  "L067_244_2_1.tif": 0.16912849247455597,
  "L067_302_1_3.tif": 0.10591161251068115,
  "L067_302_2_4.tif": 0.13341572880744934,
  "L067_302_2_5.tif": 0.10942865163087845,
  "L067_318_2_1.tif": 0.08594229072332382,
  "L067_318_2_2.tif": 0.1188766360282898,
  "L067_318_2_3.tif": 0.13331715762615204,
  "L067_318_2_5.tif": 0.17789125442504883,
  "L291_340_1_1.tif": 1.8739086389541626,
  "L291_340_1_3.tif": 2.2655224800109863,
  "L291_340_2_1.tif": 1.5107170343399048,
  "L291_340_2_2.tif": 0.3769238591194153,
  "L291_340_2_5.tif": 2.486198902130127,
  "L291_412_1_5.tif": 0.11114809662103653,
  "L291_412_2_2.tif": 0.7330798506736755,
  "L291_412_2_3.tif": 0.4901251792907715,
  "L291_459_1_2.tif": 0.4014905095100403,
  "L291_459_1_4.tif": 0.23086008429527283,
  "L291_459_1_5.tif": 0.5744815468788147,
  "L291_527_1_1.tif": 0.5392248034477234,
  "L291_527_1_2.tif": 0.4950491487979889,
  "L291_527_1_3.tif": 0.11416403204202652,
  "L291_527_1_4.tif": 0.9063883423805237,
  "L291_527_2_2.tif": 0.6441351175308228,
  "L291_527_2_4.tif": 0.27008256316185,
  "L291_527_2_5.tif": 0.8302717804908752,
  "L291_568_1_2.tif": 1.7180967330932617,
  "L291_568_1_4.tif": 0.3424247205257416,
  "L291_568_1_5.tif": 1.0333409309387207,
  "L506_134_1_4.tif": 0.1411978155374527,
  "L506_134_1_5.tif": 0.17925922572612762,
  "L506_134_2_1.tif": 0.05747818201780319,
  "L506_134_2_2.tif": 0.1736527979373932,
  "L506_206_1_5.tif": 0.11065717786550522,
  "L506_206_2_1.tif": 0.20999103784561157,
  "L506_255_2_1.tif": 0.4918298125267029,
  "L506_342_1_2.tif": 0.1336212307214737,
  "L506_386_1_3.tif": 0.36357733607292175,
  "L506_386_2_2.tif": 0.6386265158653259,
  "L506_386_2_5.tif": 0.16871803998947144,
  "S058279_70_1_1.tif": 0.5800093412399292,
  "S058279_70_2_3.tif": 1.2258931398391724,
  "S058279_85_1_1.tif": 0.4438890516757965,
  "S058279_85_1_5.tif": 0.3589199483394623,
  "S058279_85_2_2.tif": 1.6480528116226196,
  "S058279_100_1_4.tif": 0.23721571266651154,
  "S058279_100_1_5.tif": 0.3410094678401947,
  "S058279_100_2_5.tif": 0.772368311882019,
  "S058279_116_1_5.tif": 0.30804118514060974,
  "S058279_116_2_1.tif": 0.9072033166885376,
  "S058279_116_2_3.tif": 0.43430227041244507,
  "S058279_121_1_3.tif": 0.9265711307525635,
  "S058279_121_1_5.tif": 0.8049699664115906,
  "S058279_121_2_1.tif": 0.5078108310699463,
  "S058279_121_2_3.tif": 1.4084943532943726,
  "S058279_137_1_1.tif": 1.3032032251358032,
  "S058279_137_1_2.tif": 0.7736986875534058,
  "S058279_137_1_3.tif": 0.4733806550502777,
  "S058279_137_1_4.tif": 1.1714974641799927,
  "S058279_137_1_5.tif": 1.4128903150558472,
  "S058279_144_1_1.tif": 1.3136177062988281,
  "S058279_144_1_2.tif": 1.3238247632980347,
  "S058279_163_1_1.tif": 0.7490020990371704,
  "S058279_163_1_4.tif": 0.31716567277908325,
  "S058279_163_2_1.tif": 0.8558361530303955,
  "S058279_163_2_3.tif": 1.2367526292800903,
  "S064012_58_1_2.tif": 0.35229840874671936,
  "S064012_58_1_3.tif": 0.3311716318130493,
  "S064012_58_2_3.tif": 0.28631922602653503,
  "S064012_68_1_1.tif": 0.1589237004518509,
  "S064012_68_1_2.tif": 0.11620718240737915,
  "S064012_68_1_3.tif": 0.16428960859775543,
  "S064012_68_2_1.tif": 0.15696726739406586,
  "S064012_68_2_4.tif": 0.15453405678272247,