{
  "L067_126_1_1.tif": 3.1589486598968506,
  "L067_126_1_3.tif": 3.1546437740325928,
  "L067_126_2_2.tif": 3.17395281791687,
  "L067_126_2_3.tif": 3.17531418800354,
  "L067_152_1_1.tif": 3.2031610012054443,
  "L067_152_1_2.tif": 3.184445858001709,
  "L067_152_1_4.tif": 3.2027690410614014,
  "L067_244_1_3.tif": 2.907078981399536,
  "L067_244_1_5.tif": 2.9396650791168213,
  "L067_244_2_2.tif": 2.9439496994018555,
  "L067_244_2_3.tif": 2.94557785987854,
  "L067_244_2_4.tif": 2.9487359523773193,
  "L067_244_2_5.tif": 2.9398303031921387,
  "L067_302_2_1.tif": 2.444063901901245,
  "L067_302_2_2.tif": 2.4447765350341797,
  "L067_302_2_3.tif": 2.4928627014160156,
  "L067_318_1_2.tif": 2.221565008163452,
  "L067_318_1_5.tif": 2.275771379470825,
  "L067_318_2_4.tif": 2.2761173248291016,
  "L291_340_1_2.tif": 2.739287853240967,
  "L291_340_1_4.tif": 2.7280194759368896,
  "L291_340_1_5.tif": 2.720180034637451,
  "L291_340_2_3.tif": 2.7215843200683594,
  "L291_340_2_4.tif": 2.7376842498779297,
  "L291_412_1_2.tif": 2.6958811283111572,
  "L291_412_1_4.tif": 2.6971089839935303,
  "L291_412_2_1.tif": 2.6961493492126465,
  "L291_412_2_5.tif": 2.681685447692871,
  "L291_459_1_1.tif": 2.758826732635498,
  "L291_459_2_1.tif": 2.770430326461792,
  "L291_459_2_3.tif": 2.768402576446533,
  "L291_527_1_5.tif": 2.8611350059509277,
  "L291_568_1_3.tif": 2.630394458770752,
  "L291_568_2_2.tif": 2.6509995460510254,
  "L291_568_2_3.tif": 2.6497652530670166,
  "L291_568_2_4.tif": 2.652803421020508,
  "L506_134_1_3.tif": 2.3895130157470703,
  "L506_134_2_4.tif": 2.4149765968322754,
  "L506_134_2_5.tif": 2.4117250442504883,
  "L506_206_1_1.tif": 2.0010907649993896,
  "L506_206_1_2.tif": 2.012737989425659,
  "L506_206_2_3.tif": 2.0092899799346924,
  "L506_255_1_2.tif": 1.5804071426391602,
  "L506_255_1_3.tif": 1.598305583000183,
  "L506_255_1_4.tif": 1.5974091291427612,
  "L506_255_2_2.tif": 1.580051302909851,
  "L506_342_1_1.tif": 1.3601855039596558,
  "L506_342_2_2.tif": 1.357967734336853,
  "L506_342_2_3.tif": 1.3756378889083862,
  "L506_342_2_4.tif": 1.378348469734192,
  "L506_386_1_2.tif": 1.4003911018371582,
  "L506_386_1_5.tif": 1.3950884342193604,
  "L506_386_2_4.tif": 1.3939640522003174,
  "S058279_70_1_2.tif": 3.1020050048828125,
  "S058279_70_1_4.tif": 3.1031527519226074,
  "S058279_70_1_5.tif": 3.1145122051239014,
  "S058279_70_2_2.tif": 3.0919294357299805,
  "S058279_85_1_2.tif": 3.071645498275757,
  "S058279_85_1_4.tif": 3.075495958328247,
  "S058279_85_2_4.tif": 3.074892997741699,
  "S058279_85_2_5.tif": 3.0758559703826904,
  "S058279_100_1_3.tif": 3.0313191413879395,
  "S058279_100_2_1.tif": 3.029106855392456,
  "S058279_100_2_2.tif": 3.0285396575927734,
  "S058279_100_2_4.tif": 3.038830041885376,
  "S058279_116_1_2.tif": 2.9128997325897217,
  "S058279_116_1_4.tif": 2.915968894958496,
  "S058279_116_2_4.tif": 2.905317544937134,
  "S058279_116_2_5.tif": 2.911795139312744,
  "S058279_121_1_4.tif": 2.864351987838745,
  "S058279_121_2_2.tif": 2.87669038772583,
  "S058279_121_2_4.tif": 2.8849070072174072,
  "S058279_121_2_5.tif": 2.8796093463897705,
  "S058279_137_2_4.tif": 2.692917585372925,
  "S058279_144_1_4.tif": 2.560911178588867,
  "S058279_144_2_1.tif": 2.537034511566162,
  "S058279_144_2_2.tif": 2.5571515560150146,
  "S058279_144_2_3.tif": 2.5361459255218506,
  "S058279_144_2_5.tif": 2.562124729156494,
  "S058279_163_1_3.tif": 2.197815179824829,
  "S058279_163_1_5.tif": 2.1958675384521484,
  "S058279_163_2_2.tif": 2.199873924255371,
  "S064012_58_1_1.tif": 2.432084798812866,
  "S064012_58_1_4.tif": 2.4217910766601562,
  "S064012_58_2_2.tif": 2.42828369140625,
  "S064012_58_2_4.tif": 2.394908905029297,
  "S064012_68_1_5.tif": 2.4352452754974365,
  "S064012_68_2_2.tif": 2.38191556930542,
  "S064012_87_1_2.tif": 2.408036708831787,
  "S064012_87_1_3.tif": 2.3730924129486084,
  "S064012_87_2_4.tif": 2.3747096061706543,
  "S064012_99_1_3.tif": 2.2646138668060303,
  "S064012_99_2_3.tif": 2.256659746170044,
  "S064012_99_2_5.tif": 2.2088959217071533,
  "S064012_114_2_5.tif": 2.1707651615142822,
  "S064012_143_1_2.tif": 2.0990612506866455,
  "S064012_143_1_4.tif": 2.1079294681549072,
  "S064012_143_2_2.tif": 2.102743148803711,
  "S064012_143_2_5.tif": 2.056988477706909,
  "S064012_160_2_5.tif": 1.9162625074386597,
  "L067_126_1_2.tif": 3.156771659851074,
  "L067_126_1_4.tif": 3.1598267555236816,
  "L067_126_2_1.tif": 3.14262056350708,
  "L067_152_1_3.tif": 3.205416202545166,
  "L067_152_1_5.tif": 3.1943109035491943,
  "L067_152_2_2.tif": 3.1912031173706055,
  "L067_152_2_4.tif": 3.2065441608428955,
  "L067_244_1_2.tif": 2.908308506011963,
  "L067_244_1_4.tif": 2.9187138080596924,
  "L067_244_2_1.tif": 2.947204351425171,
  "L067_302_1_3.tif": 2.4933502674102783,
  "L067_302_2_4.tif": 2.491791248321533,
  "L067_302_2_5.tif": 2.4874191284179688,
  "L067_318_2_1.tif": 2.2142629623413086,
  "L067_318_2_2.tif": 2.220531940460205,
  "L067_318_2_3.tif": 2.2626442909240723,
  "L067_318_2_5.tif": 2.2668776512145996,
  "L291_340_1_1.tif": 2.7404379844665527,
  "L291_340_1_3.tif": 2.726867914199829,
  "L291_340_2_1.tif": 2.7280731201171875,
  "L291_340_2_2.tif": 2.7336645126342773,
  "L291_340_2_5.tif": 2.7285594940185547,
  "L291_412_1_5.tif": 2.6876330375671387,
  "L291_412_2_2.tif": 2.6929996013641357,
  "L291_412_2_3.tif": 2.6927835941314697,
  "L291_459_1_2.tif": 2.7742302417755127,
  "L291_459_1_4.tif": 2.768512487411499,
  "L291_459_1_5.tif": 2.7758405208587646,
  "L291_527_1_1.tif": 2.878878116607666,
  "L291_527_1_2.tif": 2.883920431137085,
  "L291_527_1_3.tif": 2.865879774093628,
  "L291_527_1_4.tif": 2.881514310836792,
  "L291_527_2_2.tif": 2.8789682388305664,
  "L291_527_2_4.tif": 2.8640668392181396,
  "L291_527_2_5.tif": 2.8801064491271973,
  "L291_568_1_2.tif": 2.6545071601867676,
  "L291_568_1_4.tif": 2.637688636779785,
  "L291_568_1_5.tif": 2.653615951538086,
  "L506_134_1_4.tif": 2.407245635986328,
  "L506_134_1_5.tif": 2.4097442626953125,
  "L506_134_2_1.tif": 2.3932597637176514,
  "L506_134_2_2.tif": 2.4091105461120605,
  "L506_206_1_5.tif": 1.997065782546997,
  "L506_206_2_1.tif": 2.007096767425537,
  "L506_255_2_1.tif": 1.5903910398483276,
  "L506_342_1_2.tif": 1.3696959018707275,
  "L506_386_1_3.tif": 1.393065333366394,
  "L506_386_2_2.tif": 1.401708960533142,
  "L506_386_2_5.tif": 1.3866474628448486,
  "S058279_70_1_1.tif": 3.103039503097534,
  "S058279_70_2_3.tif": 3.103370428085327,
  "S058279_85_1_1.tif": 3.0633699893951416,
  "S058279_85_1_5.tif": 3.061635971069336,
  "S058279_85_2_2.tif": 3.0864574909210205,
  "S058279_100_1_4.tif": 3.0213959217071533,
  "S058279_100_1_5.tif": 3.010716199874878,
  "S058279_100_2_5.tif": 3.036342144012451,
  "S058279_116_1_5.tif": 2.8923416137695312,
  "S058279_116_2_1.tif": 2.910499095916748,
  "S058279_116_2_3.tif": 2.8850178718566895,
  "S058279_121_1_3.tif": 2.8760769367218018,
  "S058279_121_1_5.tif": 2.884551763534546,
  "S058279_121_2_1.tif": 2.8551878929138184,
  "S058279_121_2_3.tif": 2.8863167762756348,
  "S058279_137_1_1.tif": 2.7084457874298096,
  "S058279_137_1_2.tif": 2.7109720706939697,
  "S058279_137_1_3.tif": 2.687312126159668,
  "S058279_137_1_4.tif": 2.7123823165893555,
  "S058279_137_1_5.tif": 2.710488796234131,
  "S058279_144_1_1.tif": 2.5626490116119385,
  "S058279_144_1_2.tif": 2.5641872882843018,
  "S058279_163_1_1.tif": 2.1942572593688965,
  "S058279_163_1_4.tif": 2.170180082321167,
  "S058279_163_2_1.tif": 2.1969997882843018,
  "S058279_163_2_3.tif": 2.20135498046875,
  "S064012_58_1_2.tif": 2.4379312992095947,
  "S064012_58_1_3.tif": 2.4309418201446533,
  "S064012_58_2_3.tif": 2.421994686126709,
  "S064012_68_1_1.tif": 2.4346401691436768,
  "S064012_68_1_2.tif": 2.3928544521331787,
  "S064012_68_1_3.tif": 2.4291632175445557,
  "S064012_68_2_1.tif": 2.419867992401123,
  "S064012_68_2_4.tif": 2.4258148670196533,
  "S064012_87_1_4.tif": 2.422666549682617,
  "S064012_87_1_5.tif": 2.41575288772583,
  "S064012_87_2_1.tif": 2.4148640632629395,
  "S064012_87_2_3.tif": 2.4079768657684326,