{
  "L067_126_1_1.tif": 2.5770132541656494,
  "L067_126_1_3.tif": 2.3145627975463867,
  "L067_126_2_2.tif": 3.038686752319336,
  "L067_126_2_3.tif": 3.0439772605895996,
  "L067_152_1_1.tif": 2.7445061206817627,
  "L067_152_1_2.tif": 2.201249122619629,
  "L067_152_1_4.tif": 2.779355764389038,
  "L067_244_1_3.tif": 1.435741662979126,
  "L067_244_1_5.tif": 2.1349241733551025,
  "L067_244_2_2.tif": 2.4049770832061768,
  "L067_244_2_3.tif": 2.4143729209899902,
  "L067_244_2_4.tif": 2.2403621673583984,
  "L067_244_2_5.tif": 2.150115489959717,
  "L067_302_2_1.tif": 1.842273473739624,
  "L067_302_2_2.tif": 1.4274616241455078,
  "L067_302_2_3.tif": 2.7566120624542236,
  "L067_318_1_2.tif": 0.903093695640564,
  "L067_318_1_5.tif": 2.4202845096588135,
  "L067_318_2_4.tif": 2.433933734893799,
  "L291_340_1_2.tif": 2.1344001293182373,
  "L291_340_1_4.tif": 1.7068833112716675,
  "L291_340_1_5.tif": 1.3380788564682007,
  "L291_340_2_3.tif": 1.2606441974639893,
  "L291_340_2_4.tif": 2.137544870376587,
  "L291_412_1_2.tif": 2.773980140686035,
  "L291_412_1_4.tif": 2.657827854156494,
  "L291_412_2_1.tif": 2.7126028537750244,
  "L291_412_2_5.tif": 2.067431926727295,
  "L291_459_1_1.tif": 1.439993143081665,
  "L291_459_2_1.tif": 1.8280657529830933,
  "L291_459_2_3.tif": 1.8143513202667236,
  "L291_527_1_5.tif": 1.626421332359314,
  "L291_568_1_3.tif": 2.1505184173583984,
  "L291_568_2_2.tif": 2.4685161113739014,
  "L291_568_2_3.tif": 2.6518735885620117,
  "L291_568_2_4.tif": 2.5105464458465576,
  "L506_134_1_3.tif": 1.2979437112808228,
  "L506_134_2_4.tif": 2.0821149349212646,
  "L506_134_2_5.tif": 1.9398691654205322,
  "L506_206_1_1.tif": 1.4361497163772583,
  "L506_206_1_2.tif": 2.5506362915039062,
  "L506_206_2_3.tif": 2.6189212799072266,
  "L506_255_1_2.tif": 0.9755370616912842,
  "L506_255_1_3.tif": 2.4449617862701416,
  "L506_255_1_4.tif": 2.467561721801758,
  "L506_255_2_2.tif": 0.9793519973754883,
  "L506_342_1_1.tif": 1.529368281364441,
  "L506_342_2_2.tif": 1.5401592254638672,
  "L506_342_2_3.tif": 2.7473204135894775,
  "L506_342_2_4.tif": 2.4706497192382812,
  "L506_386_1_2.tif": 2.7386691570281982,
  "L506_386_1_5.tif": 2.7078652381896973,
  "L506_386_2_4.tif": 1.6610589027404785,
  "S058279_70_1_2.tif": 2.1403849124908447,
  "S058279_70_1_4.tif": 2.644592761993408,
  "S058279_70_1_5.tif": 2.633789300918579,
  "S058279_70_2_2.tif": 1.8006036281585693,
  "S058279_85_1_2.tif": 2.028085947036743,
  "S058279_85_1_4.tif": 2.2941091060638428,
  "S058279_85_2_4.tif": 1.8711577653884888,
  "S058279_85_2_5.tif": 2.2507872581481934,
  "S058279_100_1_3.tif": 2.781134843826294,
  "S058279_100_2_1.tif": 2.6601696014404297,
  "S058279_100_2_2.tif": 2.658400297164917,
  "S058279_100_2_4.tif": 2.7541236877441406,
  "S058279_116_1_2.tif": 2.746278762817383,
  "S058279_116_1_4.tif": 2.781623363494873,
  "S058279_116_2_4.tif": 2.6733288764953613,
  "S058279_116_2_5.tif": 2.652769088745117,
  "S058279_121_1_4.tif": 1.5425498485565186,
  "S058279_121_2_2.tif": 2.060946464538574,
  "S058279_121_2_4.tif": 2.118352174758911,
  "S058279_121_2_5.tif": 2.1918013095855713,
  "S058279_137_2_4.tif": 1.7088176012039185,
  "S058279_144_1_4.tif": 2.6871278285980225,
  "S058279_144_2_1.tif": 1.90401291847229,
  "S058279_144_2_2.tif": 2.559420108795166,
  "S058279_144_2_3.tif": 1.9407768249511719,
  "S058279_144_2_5.tif": 2.676767110824585,
  "S058279_163_1_3.tif": 2.4752488136291504,
  "S058279_163_1_5.tif": 2.616210460662842,
  "S058279_163_2_2.tif": 2.8036530017852783,
  "S064012_58_1_1.tif": 1.1449159383773804,
  "S064012_58_1_4.tif": 1.1253238916397095,
  "S064012_58_2_2.tif": 1.4209946393966675,
  "S064012_58_2_4.tif": 0.5178559422492981,
  "S064012_68_1_5.tif": 3.2285006046295166,
  "S064012_68_2_2.tif": 2.178562641143799,
  "S064012_87_1_2.tif": 1.836890697479248,
  "S064012_87_1_3.tif": 1.270447015762329,
  "S064012_87_2_4.tif": 1.1627129316329956,
  "S064012_99_1_3.tif": 2.5330705642700195,
  "S064012_99_2_3.tif": 2.2513463497161865,
  "S064012_99_2_5.tif": 1.2335479259490967,
  "S064012_114_2_5.tif": 1.2905880212783813,
  "S064012_143_1_2.tif": 1.0456141233444214,
  "S064012_143_1_4.tif": 1.5223850011825562,
  "S064012_143_2_2.tif": 0.9918459057807922,
  "S064012_143_2_5.tif": 0.40990495681762695,
  "S064012_160_2_5.tif": 2.9045987129211426,
  "L067_126_1_2.tif": 2.148540496826172,
  "L067_126_1_4.tif": 2.7693076133728027,
  "L067_126_2_1.tif": 1.6197813749313354,
  "L067_152_1_3.tif": 2.8275527954101562,
  "L067_152_1_5.tif": 2.543593645095825,
  "L067_152_2_2.tif": 2.41499662399292,
  "L067_152_2_4.tif": 2.833717107772827,
  "L067_244_1_2.tif": 1.389573574066162,
  "L067_244_1_4.tif": 1.6908931732177734,
  "L067_244_2_1.tif": 2.27601957321167,
  "L067_302_1_3.tif": 2.7593650817871094,
  "L067_302_2_4.tif": 2.753288984298706,
  "L067_302_2_5.tif": 2.426107168197632,
  "L067_318_2_1.tif": 1.2239940166473389,
  "L067_318_2_2.tif": 0.9365410208702087,
  "L067_318_2_3.tif": 2.00488543510437,
  "L067_318_2_5.tif": 1.916871190071106,
  "L291_340_1_1.tif": 2.084242820739746,
  "L291_340_1_3.tif": 1.7211740016937256,
  "L291_340_2_1.tif": 1.746748924255371,
  "L291_340_2_2.tif": 1.9733935594558716,
  "L291_340_2_5.tif": 1.7336444854736328,
  "L291_412_1_5.tif": 2.7832839488983154,
  "L291_412_2_2.tif": 2.4241487979888916,
  "L291_412_2_3.tif": 2.3886680603027344,
  "L291_459_1_2.tif": 2.138519525527954,
  "L291_459_1_4.tif": 2.1713831424713135,
  "L291_459_1_5.tif": 2.1056125164031982,
  "L291_527_1_1.tif": 2.2370612621307373,
  "L291_527_1_2.tif": 2.52664852142334,
  "L291_527_1_3.tif": 2.3079936504364014,
  "L291_527_1_4.tif": 2.310436248779297,
  "L291_527_2_2.tif": 2.2257330417633057,
  "L291_527_2_4.tif": 1.5671452283859253,
  "L291_527_2_5.tif": 2.3087079524993896,
  "L291_568_1_2.tif": 2.515319347381592,
  "L291_568_1_4.tif": 1.9749741554260254,
  "L291_568_1_5.tif": 2.6105268001556396,
  "L506_134_1_4.tif": 1.727052092552185,
  "L506_134_1_5.tif": 1.909115195274353,
  "L506_134_2_1.tif": 1.6738065481185913,
  "L506_134_2_2.tif": 1.884614109992981,
  "L506_206_1_5.tif": 1.2801119089126587,
  "L506_206_2_1.tif": 2.3055098056793213,
  "L506_255_2_1.tif": 2.065507411956787,
  "L506_342_1_2.tif": 1.3478124141693115,
  "L506_386_1_3.tif": 2.702019214630127,
  "L506_386_2_2.tif": 2.9946935176849365,
  "L506_386_2_5.tif": 1.794114589691162,
  "S058279_70_1_1.tif": 1.960540533065796,
  "S058279_70_2_3.tif": 2.5462632179260254,
  "S058279_85_1_1.tif": 1.6902594566345215,
  "S058279_85_1_5.tif": 1.7323874235153198,
  "S058279_85_2_2.tif": 2.466141700744629,
  "S058279_100_1_4.tif": 2.2984273433685303,
  "S058279_100_1_5.tif": 2.0827043056488037,
  "S058279_100_2_5.tif": 2.8044495582580566,
  "S058279_116_1_5.tif": 2.170851230621338,
  "S058279_116_2_1.tif": 2.68940806388855,
  "S058279_116_2_3.tif": 1.9437682628631592,
  "S058279_121_1_3.tif": 2.0581588745117188,
  "S058279_121_1_5.tif": 2.147047758102417,
  "S058279_121_2_1.tif": 1.4014630317687988,
  "S058279_121_2_3.tif": 2.2530927658081055,
  "S058279_137_1_1.tif": 2.285231828689575,
  "S058279_137_1_2.tif": 2.1930274963378906,
  "S058279_137_1_3.tif": 1.4449901580810547,
  "S058279_137_1_4.tif": 2.144528865814209,
  "S058279_137_1_5.tif": 2.278346300125122,
  "S058279_144_1_1.tif": 2.6837198734283447,
  "S058279_144_1_2.tif": 2.7722742557525635,
  "S058279_163_1_1.tif": 2.6402101516723633,
  "S058279_163_1_4.tif": 1.7928112745285034,
  "S058279_163_2_1.tif": 2.498603582382202,
  "S058279_163_2_3.tif": 2.6568727493286133,
  "S064012_58_1_2.tif": 1.3891892433166504,
  "S064012_58_1_3.tif": 1.1361606121063232,
  "S064012_58_2_3.tif": 1.1219923496246338,
  "S064012_68_1_1.tif": 3.2133631706237793,
  "S064012_68_1_2.tif": 2.298068046569824,
  "S064012_68_1_3.tif": 3.074275493621826,
  "S064012_68_2_1.tif": 3.0098752975463867,
  "S064012_68_2_4.tif": 3.197587251663208,
  "S064012_87_1_4.tif": 2.21439528465271,
  "S064012_87_1_5.tif": 2.2479522228240967,
  "S064012_87_2_1.tif": 2.2278289794921875,
  "S064012_87_2_3.tif": 1.8608407974243164,