{
  "L067_126_1_1.tif": 2.0,
  "L067_126_1_3.tif": 0.0,
  "L067_126_2_2.tif": 0.8333333134651184,
  "L067_126_2_3.tif": 1.1666666269302368,
  "L067_152_1_1.tif": 1.1666666269302368,
  "L067_152_1_2.tif": 0.0,
  "L067_152_1_4.tif": 1.1666666269302368,
  "L067_244_1_3.tif": 1.5,
  "L067_244_1_5.tif": 3.1666667461395264,
  "L067_244_2_2.tif": 3.6666667461395264,
  "L067_244_2_3.tif": 3.8333332538604736,
  "L067_244_2_4.tif": 2.1666667461395264,
  "L067_244_2_5.tif": 3.1666667461395264,
  "L067_302_2_1.tif": 0.3333333432674408,
  "L067_302_2_2.tif": 1.5,
  "L067_302_2_3.tif": 3.6666667461395264,
  "L067_318_1_2.tif": 1.8333333730697632,
  "L067_318_1_5.tif": 3.6666667461395264,
  "L067_318_2_4.tif": 4.0,
  "L291_340_1_2.tif": 1.5,
  "L291_340_1_4.tif": 2.8333332538604736,
  "L291_340_1_5.tif": 1.5,
  "L291_340_2_3.tif": 1.6666666269302368,
  "L291_340_2_4.tif": 1.5,
  "L291_412_1_2.tif": 1.1666666269302368,
  "L291_412_1_4.tif": 1.8333333730697632,
  "L291_412_2_1.tif": 1.1666666269302368,
  "L291_412_2_5.tif": 1.1666666269302368,
  "L291_459_1_1.tif": 1.6666666269302368,
  "L291_459_2_1.tif": 4.0,
  "L291_459_2_3.tif": 2.8333332538604736,
  "L291_527_1_5.tif": 1.5,
  "L291_568_1_3.tif": 0.5,
  "L291_568_2_2.tif": 3.0,
  "L291_568_2_3.tif": 1.1666666269302368,
  "L291_568_2_4.tif": 3.6666667461395264,
  "L506_134_1_3.tif": 1.0,
  "L506_134_2_4.tif": 2.1666667461395264,
  "L506_134_2_5.tif": 1.8333333730697632,
  "L506_206_1_1.tif": 0.5,
  "L506_206_1_2.tif": 2.6666667461395264,
  "L506_206_2_3.tif": 3.8333332538604736,
  "L506_255_1_2.tif": 1.3333333730697632,
  "L506_255_1_3.tif": 3.5,
  "L506_255_1_4.tif": 3.8333332538604736,
  "L506_255_2_2.tif": 1.5,
  "L506_342_1_1.tif": 0.5,
  "L506_342_2_2.tif": 0.3333333432674408,
  "L506_342_2_3.tif": 2.3333332538604736,
  "L506_342_2_4.tif": 2.8333332538604736,
  "L506_386_1_2.tif": 2.3333332538604736,
  "L506_386_1_5.tif": 1.6666666269302368,
  "L506_386_2_4.tif": 0.5,
  "S058279_70_1_2.tif": 0.5,
  "S058279_70_1_4.tif": 3.3333332538604736,
  "S058279_70_1_5.tif": 1.8333333730697632,
  "S058279_70_2_2.tif": 1.1666666269302368,
  "S058279_85_1_2.tif": 0.3333333432674408,
  "S058279_85_1_4.tif": 2.8333332538604736,
  "S058279_85_2_4.tif": 0.8333333134651184,
  "S058279_85_2_5.tif": 3.0,
  "S058279_100_1_3.tif": 4.0,
  "S058279_100_2_1.tif": 2.8333332538604736,
  "S058279_100_2_2.tif": 2.6666667461395264,
  "S058279_100_2_4.tif": 2.3333332538604736,
  "S058279_116_1_2.tif": 2.3333332538604736,
  "S058279_116_1_4.tif": 3.3333332538604736,
  "S058279_116_2_4.tif": 3.5,
  "S058279_116_2_5.tif": 2.5,
  "S058279_121_1_4.tif": 1.1666666269302368,
  "S058279_121_2_2.tif": 3.0,
  "S058279_121_2_4.tif": 2.5,
  "S058279_121_2_5.tif": 4.0,
  "S058279_137_2_4.tif": 0.5,
  "S058279_144_1_4.tif": 3.0,
  "S058279_144_2_1.tif": 1.3333333730697632,
  "S058279_144_2_2.tif": 2.6666667461395264,
  "S058279_144_2_3.tif": 1.0,
  "S058279_144_2_5.tif": 1.8333333730697632,
  "S058279_163_1_3.tif": 3.3333332538604736,
  "S058279_163_1_5.tif": 2.3333332538604736,
  "S058279_163_2_2.tif": 2.1666667461395264,
  "S064012_58_1_1.tif": 1.5,
  "S064012_58_1_4.tif": 2.3333332538604736,
  "S064012_58_2_2.tif": 3.6666667461395264,
  "S064012_58_2_4.tif": 0.6666666865348816,
  "S064012_68_1_5.tif": 2.6666667461395264,
  "S064012_68_2_2.tif": 0.8333333134651184,
  "S064012_87_1_2.tif": 2.8333332538604736,
  "S064012_87_1_3.tif": 0.5,
  "S064012_87_2_4.tif": 1.0,
  "S064012_99_1_3.tif": 2.1666667461395264,
  "S064012_99_2_3.tif": 2.0,
  "S064012_99_2_5.tif": 1.0,
  "S064012_114_2_5.tif": 2.6666667461395264,
  "S064012_143_1_2.tif": 3.0,
  "S064012_143_1_4.tif": 3.8333332538604736,
  "S064012_143_2_2.tif": 1.6666666269302368,
  "S064012_143_2_5.tif": 0.3333333432674408,
  "S064012_160_2_5.tif": 3.0,
  "L067_126_1_2.tif": 0.1666666716337204,
  "L067_126_1_4.tif": 2.8333332538604736,
  "L067_126_2_1.tif": 0.6666666865348816,
  "L067_152_1_3.tif": 1.5,
  "L067_152_1_5.tif": 3.5,
  "L067_152_2_2.tif": 2.3333332538604736,
  "L067_152_2_4.tif": 1.3333333730697632,
  "L067_244_1_2.tif": 1.5,
  "L067_244_1_4.tif": 1.0,
  "L067_244_2_1.tif": 1.5,
  "L067_302_1_3.tif": 1.8333333730697632,
  "L067_302_2_4.tif": 3.6666667461395264,
  "L067_302_2_5.tif": 2.3333332538604736,
  "L067_318_2_1.tif": 0.1666666716337204,
  "L067_318_2_2.tif": 1.3333333730697632,
  "L067_318_2_3.tif": 1.1666666269302368,
  "L067_318_2_5.tif": 3.0,
  "L291_340_1_1.tif": 1.5,
  "L291_340_1_3.tif": 3.6666667461395264,
  "L291_340_2_1.tif": 2.6666667461395264,
  "L291_340_2_2.tif": 0.6666666865348816,
  "L291_340_2_5.tif": 4.0,
  "L291_412_1_5.tif": 0.3333333432674408,
  "L291_412_2_2.tif": 4.0,
  "L291_412_2_3.tif": 2.3333332538604736,
  "L291_459_1_2.tif": 1.6666666269302368,
  "L291_459_1_4.tif": 1.1666666269302368,
  "L291_459_1_5.tif": 2.1666667461395264,
  "L291_527_1_1.tif": 3.0,
  "L291_527_1_2.tif": 1.8333333730697632,
  "L291_527_1_3.tif": 0.5,
  "L291_527_1_4.tif": 4.0,
  "L291_527_2_2.tif": 3.0,
  "L291_527_2_4.tif": 1.6666666269302368,
  "L291_527_2_5.tif": 3.8333332538604736,
  "L291_568_1_2.tif": 4.0,
  "L291_568_1_4.tif": 1.3333333730697632,
  "L291_568_1_5.tif": 2.3333332538604736,
  "L506_134_1_4.tif": 3.0,
  "L506_134_1_5.tif": 4.0,
  "L506_134_2_1.tif": 0.6666666865348816,
  "L506_134_2_2.tif": 3.8333332538604736,
  "L506_206_1_5.tif": 1.5,
  "L506_206_2_1.tif": 3.0,
  "L506_255_2_1.tif": 1.6666666269302368,
  "L506_342_1_2.tif": 1.3333333730697632,
  "L506_386_1_3.tif": 1.5,
  "L506_386_2_2.tif": 2.3333332538604736,
  "L506_386_2_5.tif": 0.1666666716337204,
  "S058279_70_1_1.tif": 1.0,
  "S058279_70_2_3.tif": 2.5,
  "S058279_85_1_1.tif": 1.3333333730697632,
  "S058279_85_1_5.tif": 1.1666666269302368,
  "S058279_85_2_2.tif": 2.1666667461395264,
  "S058279_100_1_4.tif": 0.5,
  "S058279_100_1_5.tif": 1.0,
  "S058279_100_2_5.tif": 1.3333333730697632,
  "S058279_116_1_5.tif": 0.5,
  "S058279_116_2_1.tif": 1.3333333730697632,
  "S058279_116_2_3.tif": 1.1666666269302368,
  "S058279_121_1_3.tif": 2.5,
  "S058279_121_1_5.tif": 1.5,
  "S058279_121_2_1.tif": 1.1666666269302368,
  "S058279_121_2_3.tif": 1.8333333730697632,
  "S058279_137_1_1.tif": 3.0,
  "S058279_137_1_2.tif": 1.1666666269302368,
  "S058279_137_1_3.tif": 1.3333333730697632,
  "S058279_137_1_4.tif": 2.3333332538604736,
  "S058279_137_1_5.tif": 3.8333332538604736,
  "S058279_144_1_1.tif": 4.0,
  "S058279_144_1_2.tif": 2.0,
  "S058279_163_1_1.tif": 1.3333333730697632,
  "S058279_163_1_4.tif": 0.8333333134651184,
  "S058279_163_2_1.tif": 2.5,
  "S058279_163_2_3.tif": 3.5,
  "S064012_58_1_2.tif": 3.0,
  "S064012_58_1_3.tif": 2.3333332538604736,
  "S064012_58_2_3.tif": 2.1666667461395264,
  "S064012_68_1_1.tif": 2.0,
  "S064012_68_1_2.tif": 0.6666666865348816,
  "S064012_68_1_3.tif": 2.0,
  "S064012_68_2_1.tif": 2.1666667461395264,
  "S064012_68_2_4.tif": 2.8333332538604736,
  "S064012_87_1_4.tif": 2.8333332538604736,
  "S064012_87_1_5.tif": 4.0,
  "S064012_87_2_1.tif": 3.5,
  "S064012_87_2_3.tif": 2.8333332538604736,
  "S064012_87_2_5.tif": 3.1666667461395264,
  "S064012_99_1_1.tif": 1.0,
  "S064012_99_1_2.tif": 3.1666667461395264,
  "S064012_99_2_2.tif": 3.0,
  "S064012_99_2_4.tif": 1.0,
  "S064012_114_1_1.tif": 0.8333333134651184,
  "S064012_114_1_2.tif": 3.3333332538604736,
  "S064012_114_2_2.tif": 4.0,
  "S064012_143_1_1.tif": 1.0,
  "S064012_143_2_1.tif": 2.0,
  "S064012_143_2_3.tif": 2.8333332538604736,
  "S064012_143_2_4.tif": 2.8333332538604736,
  "S064012_160_2_2.tif": 1.5,
  "L067_126_1_5.tif": 3.3333332538604736,
  "L067_126_2_4.tif": 1.1666666269302368,
  "L067_126_2_5.tif": 0.6666666865348816,
  "L067_152_2_1.tif": 2.3333332538604736,
  "L067_152_2_3.tif": 0.8333333134651184,
  "L067_152_2_5.tif": 3.1666667461395264,
  "L067_244_1_1.tif": 2.1666667461395264,
  "L067_302_1_1.tif": 3.0,
  "L067_302_1_2.tif": 3.3333332538604736,
  "L067_302_1_4.tif": 2.1666667461395264,
  "L067_302_1_5.tif": 1.1666666269302368,
  "L067_318_1_1.tif": 1.0,
  "L067_318_1_3.tif": 2.5,
  "L067_318_1_4.tif": 2.5,